date,year,month,tavg
2015-01-01,2015,1,31.28
2015-01-02,2015,1,38.66
2015-01-03,2015,1,35.24
2015-01-04,2015,1,45.14
2015-01-05,2015,1,42.44
2015-01-06,2015,1,21.2
2015-01-07,2015,1,21.740000000000002
2015-01-08,2015,1,13.279999999999998
2015-01-09,2015,1,24.08
2015-01-10,2015,1,21.740000000000002
2015-01-11,2015,1,24.8
2015-01-12,2015,1,35.96
2015-01-13,2015,1,30.2
2015-01-14,2015,1,21.92
2015-01-15,2015,1,29.48
2015-01-16,2015,1,33.98
2015-01-17,2015,1,22.28
2015-01-18,2015,1,32.72
2015-01-19,2015,1,39.38
2015-01-20,2015,1,37.22
2015-01-21,2015,1,30.56
2015-01-22,2015,1,33.98
2015-01-23,2015,1,32.36
2015-01-24,2015,1,35.06
2015-01-25,2015,1,37.58
2015-01-26,2015,1,26.6
2015-01-27,2015,1,24.439999999999998
2015-01-28,2015,1,23.54
2015-01-29,2015,1,26.24
2015-01-30,2015,1,33.98
2015-01-31,2015,1,20.479999999999997
2015-02-01,2015,2,27.5
2015-02-02,2015,2,29.66
2015-02-03,2015,2,19.22
2015-02-04,2015,2,30.02
2015-02-05,2015,2,33.26
2015-02-06,2015,2,18.14
2015-02-07,2015,2,28.94
2015-02-08,2015,2,33.08
2015-02-09,2015,2,28.94
2015-02-10,2015,2,29.84
2015-02-11,2015,2,28.4
2015-02-12,2015,2,32.36
2015-02-13,2015,2,17.6
2015-02-14,2015,2,22.82
2015-02-15,2015,2,20.479999999999997
2015-02-16,2015,2,10.219999999999999
2015-02-17,2015,2,19.4
2015-02-18,2015,2,24.259999999999998
2015-02-19,2015,2,21.92
2015-02-20,2015,2,10.940000000000001
2015-02-21,2015,2,20.12
2015-02-22,2015,2,34.16
2015-02-23,2015,2,29.3
2015-02-24,2015,2,12.379999999999999
2015-02-25,2015,2,27.68
2015-02-26,2015,2,26.96
2015-02-27,2015,2,23.72
2015-02-28,2015,2,22.1
2015-03-01,2015,3,26.78
2015-03-02,2015,3,32.18
2015-03-03,2015,3,28.4
2015-03-04,2015,3,38.84
2015-03-05,2015,3,32.9
2015-03-06,2015,3,21.02
2015-03-07,2015,3,26.78
2015-03-08,2015,3,40.28
2015-03-09,2015,3,44.96
2015-03-10,2015,3,40.64
2015-03-11,2015,3,46.4
2015-03-12,2015,3,45.32
2015-03-13,2015,3,37.04
2015-03-14,2015,3,43.52
2015-03-15,2015,3,44.06
2015-03-16,2015,3,40.28
2015-03-17,2015,3,47.84
2015-03-18,2015,3,33.62
2015-03-19,2015,3,33.44
2015-03-20,2015,3,34.34
2015-03-21,2015,3,34.88
2015-03-22,2015,3,39.92
2015-03-23,2015,3,30.56
2015-03-24,2015,3,33.62
2015-03-25,2015,3,39.019999999999996
2015-03-26,2015,3,45.14
2015-03-27,2015,3,44.96
2015-03-28,2015,3,37.58
2015-03-29,2015,3,33.44
2015-03-30,2015,3,42.26
2015-03-31,2015,3,42.8
2015-04-01,2015,4,39.74
2015-04-02,2015,4,49.82
2015-04-03,2015,4,59.18
2015-04-04,2015,4,51.980000000000004
2015-04-05,2015,4,50.18
2015-04-06,2015,4,46.76
2015-04-07,2015,4,50.540000000000006
2015-04-08,2015,4,42.980000000000004
2015-04-09,2015,4,39.38
2015-04-10,2015,4,42.980000000000004
2015-04-11,2015,4,55.22
2015-04-12,2015,4,51.26
2015-04-13,2015,4,55.58
2015-04-14,2015,4,59.36
2015-04-15,2015,4,59.18
2015-04-16,2015,4,56.480000000000004
2015-04-17,2015,4,59.72
2015-04-18,2015,4,66.02
2015-04-19,2015,4,57.56
2015-04-20,2015,4,50.540000000000006
2015-04-21,2015,4,57.379999999999995
2015-04-22,2015,4,58.82
2015-04-23,2015,4,47.480000000000004
2015-04-24,2015,4,43.34
2015-04-25,2015,4,46.04
2015-04-26,2015,4,51.980000000000004
2015-04-27,2015,4,53.78
2015-04-28,2015,4,57.2
2015-04-29,2015,4,64.22
2015-04-30,2015,4,52.34
2015-05-01,2015,5,52.519999999999996
2015-05-02,2015,5,53.96
2015-05-03,2015,5,59.540000000000006
2015-05-04,2015,5,66.56
2015-05-05,2015,5,72.68
2015-05-06,2015,5,65.30000000000001
2015-05-07,2015,5,64.58000000000001
2015-05-08,2015,5,64.22
2015-05-09,2015,5,57.92
2015-05-10,2015,5,66.38
2015-05-11,2015,5,74.48
2015-05-12,2015,5,74.84
2015-05-13,2015,5,65.12
2015-05-14,2015,5,59.72
2015-05-15,2015,5,63.14
2015-05-16,2015,5,65.12
2015-05-17,2015,5,70.34
2015-05-18,2015,5,63.68000000000001
2015-05-19,2015,5,61.519999999999996
2015-05-20,2015,5,62.06
2015-05-21,2015,5,57.019999999999996
2015-05-22,2015,5,61.88
2015-05-23,2015,5,59.36
2015-05-24,2015,5,65.66
2015-05-25,2015,5,72.5
2015-05-26,2015,5,75.2
2015-05-27,2015,5,73.58000000000001
2015-05-28,2015,5,73.4
2015-05-29,2015,5,73.03999999999999
2015-05-30,2015,5,73.03999999999999
2015-05-31,2015,5,74.66
2015-06-01,2015,6,57.379999999999995
2015-06-02,2015,6,51.980000000000004
2015-06-03,2015,6,58.28
2015-06-04,2015,6,58.1
2015-06-05,2015,6,59.540000000000006
2015-06-06,2015,6,65.66
2015-06-07,2015,6,65.30000000000001
2015-06-08,2015,6,67.46000000000001
2015-06-09,2015,6,73.22
2015-06-10,2015,6,74.12
2015-06-11,2015,6,80.24000000000001
2015-06-12,2015,6,80.78
2015-06-13,2015,6,80.42
2015-06-14,2015,6,77.0
2015-06-15,2015,6,70.34
2015-06-16,2015,6,68.18
2015-06-17,2015,6,73.94
2015-06-18,2015,6,66.74000000000001
2015-06-19,2015,6,73.22
2015-06-20,2015,6,69.44
2015-06-21,2015,6,75.02
2015-06-22,2015,6,79.52
2015-06-23,2015,6,84.38
2015-06-24,2015,6,77.18
2015-06-25,2015,6,76.82
2015-06-26,2015,6,74.84
2015-06-27,2015,6,69.08000000000001
2015-06-28,2015,6,64.22
2015-06-29,2015,6,71.24000000000001
2015-06-30,2015,6,75.38
2015-07-01,2015,7,76.46000000000001
2015-07-02,2015,7,75.74000000000001
2015-07-03,2015,7,73.58000000000001
2015-07-04,2015,7,71.78
2015-07-05,2015,7,75.02
2015-07-06,2015,7,77.18
2015-07-07,2015,7,79.52
2015-07-08,2015,7,82.03999999999999
2015-07-09,2015,7,73.75999999999999
2015-07-10,2015,7,75.74000000000001
2015-07-11,2015,7,78.62
2015-07-12,2015,7,81.14
2015-07-13,2015,7,80.42
2015-07-14,2015,7,76.1
2015-07-15,2015,7,75.92
2015-07-16,2015,7,72.14
2015-07-17,2015,7,73.58000000000001
2015-07-18,2015,7,76.28
2015-07-19,2015,7,84.38
2015-07-20,2015,7,89.06
2015-07-21,2015,7,86.0
2015-07-22,2015,7,77.18
2015-07-23,2015,7,77.18
2015-07-24,2015,7,78.25999999999999
2015-07-25,2015,7,78.08000000000001
2015-07-26,2015,7,79.88
2015-07-27,2015,7,79.88
2015-07-28,2015,7,82.75999999999999
2015-07-29,2015,7,86.36
2015-07-30,2015,7,82.03999999999999
2015-07-31,2015,7,81.14
2015-08-01,2015,8,83.66
2015-08-02,2015,8,80.96000000000001
2015-08-03,2015,8,82.58000000000001
2015-08-04,2015,8,83.12
2015-08-05,2015,8,80.42
2015-08-06,2015,8,76.28
2015-08-07,2015,8,75.74000000000001
2015-08-08,2015,8,74.66
2015-08-09,2015,8,75.74000000000001
2015-08-10,2015,8,74.48
2015-08-11,2015,8,75.02
2015-08-12,2015,8,77.36
2015-08-13,2015,8,75.74000000000001
2015-08-14,2015,8,78.98
2015-08-15,2015,8,81.32
2015-08-16,2015,8,82.75999999999999
2015-08-17,2015,8,84.74000000000001
2015-08-18,2015,8,83.48
2015-08-19,2015,8,80.24000000000001
2015-08-20,2015,8,80.96000000000001
2015-08-21,2015,8,78.62
2015-08-22,2015,8,76.64
2015-08-23,2015,8,75.74000000000001
2015-08-24,2015,8,78.44
2015-08-25,2015,8,80.6
2015-08-26,2015,8,76.82
2015-08-27,2015,8,74.12
2015-08-28,2015,8,73.03999999999999
2015-08-29,2015,8,76.82
2015-08-30,2015,8,79.16
2015-08-31,2015,8,82.75999999999999
2015-09-01,2015,9,82.58000000000001
2015-09-02,2015,9,80.24000000000001
2015-09-03,2015,9,82.58000000000001
2015-09-04,2015,9,80.24000000000001
2015-09-05,2015,9,72.86
2015-09-06,2015,9,73.94
2015-09-07,2015,9,77.72
2015-09-08,2015,9,83.30000000000001
2015-09-09,2015,9,81.14
2015-09-10,2015,9,75.38
2015-09-11,2015,9,72.32
2015-09-12,2015,9,74.66
2015-09-13,2015,9,72.68
2015-09-14,2015,9,66.56
2015-09-15,2015,9,73.22
2015-09-16,2015,9,76.82
2015-09-17,2015,9,78.08000000000001
2015-09-18,2015,9,76.82
2015-09-19,2015,9,73.94
2015-09-20,2015,9,73.22
2015-09-21,2015,9,65.48
2015-09-22,2015,9,66.38
2015-09-23,2015,9,67.64
2015-09-24,2015,9,69.98
2015-09-25,2015,9,68.53999999999999
2015-09-26,2015,9,65.84
2015-09-27,2015,9,62.24
2015-09-28,2015,9,68.53999999999999
2015-09-29,2015,9,74.66
2015-09-30,2015,9,73.22
2015-10-01,2015,10,59.36
2015-10-02,2015,10,53.96
2015-10-03,2015,10,51.620000000000005
2015-10-04,2015,10,57.019999999999996
2015-10-05,2015,10,57.2
2015-10-06,2015,10,62.42
2015-10-07,2015,10,64.58000000000001
2015-10-08,2015,10,64.22
2015-10-09,2015,10,66.92
2015-10-10,2015,10,60.08
2015-10-11,2015,10,59.72
2015-10-12,2015,10,64.58000000000001
2015-10-13,2015,10,66.02
2015-10-14,2015,10,64.58000000000001
2015-10-15,2015,10,58.46
2015-10-16,2015,10,59.0
2015-10-17,2015,10,52.879999999999995
2015-10-18,2015,10,44.42
2015-10-19,2015,10,43.52
2015-10-20,2015,10,55.94
2015-10-21,2015,10,65.48
2015-10-22,2015,10,64.94
2015-10-23,2015,10,60.08
2015-10-24,2015,10,48.379999999999995
2015-10-25,2015,10,59.36
2015-10-26,2015,10,53.06
2015-10-27,2015,10,52.16
2015-10-28,2015,10,56.84
2015-10-29,2015,10,67.46000000000001
2015-10-30,2015,10,56.84
2015-10-31,2015,10,48.92
2015-11-01,2015,11,57.379999999999995
2015-11-02,2015,11,60.26
2015-11-03,2015,11,61.34
2015-11-04,2015,11,61.519999999999996
2015-11-05,2015,11,62.06
2015-11-06,2015,11,68.36
2015-11-07,2015,11,65.84
2015-11-08,2015,11,53.42
2015-11-09,2015,11,53.06
2015-11-10,2015,11,55.94
2015-11-11,2015,11,53.24
2015-11-12,2015,11,55.22
2015-11-13,2015,11,56.84
2015-11-14,2015,11,47.84
2015-11-15,2015,11,47.480000000000004
2015-11-16,2015,11,58.82
2015-11-17,2015,11,49.1
2015-11-18,2015,11,50.540000000000006
2015-11-19,2015,11,59.72
2015-11-20,2015,11,58.82
2015-11-21,2015,11,47.120000000000005
2015-11-22,2015,11,52.16
2015-11-23,2015,11,41.72
2015-11-24,2015,11,39.2
2015-11-25,2015,11,44.06
2015-11-26,2015,11,48.019999999999996
2015-11-27,2015,11,55.58
2015-11-28,2015,11,57.2
2015-11-29,2015,11,42.980000000000004
2015-11-30,2015,11,39.74
2015-12-01,2015,12,47.120000000000005
2015-12-02,2015,12,48.019999999999996
2015-12-03,2015,12,51.44
2015-12-04,2015,12,46.94
2015-12-05,2015,12,47.120000000000005
2015-12-06,2015,12,47.120000000000005
2015-12-07,2015,12,48.74
2015-12-08,2015,12,45.32
2015-12-09,2015,12,45.68
2015-12-10,2015,12,55.040000000000006
2015-12-11,2015,12,54.32
2015-12-12,2015,12,59.0
2015-12-13,2015,12,57.019999999999996
2015-12-14,2015,12,53.78
2015-12-15,2015,12,60.620000000000005
2015-12-16,2015,12,50.0
2015-12-17,2015,12,53.42
2015-12-18,2015,12,51.08
2015-12-19,2015,12,39.2
2015-12-20,2015,12,39.74
2015-12-21,2015,12,45.68
2015-12-22,2015,12,56.84
2015-12-23,2015,12,54.14
2015-12-24,2015,12,64.03999999999999
2015-12-25,2015,12,60.26
2015-12-26,2015,12,54.5
2015-12-27,2015,12,52.34
2015-12-28,2015,12,44.78
2015-12-29,2015,12,40.28
2015-12-30,2015,12,42.08
2015-12-31,2015,12,47.3
2016-01-01,2016,1,41.9
2016-01-02,2016,1,37.22
2016-01-03,2016,1,39.92
2016-01-04,2016,1,33.62
2016-01-05,2016,1,19.58
2016-01-06,2016,1,32.18
2016-01-07,2016,1,39.019999999999996
2016-01-08,2016,1,40.28
2016-01-09,2016,1,43.7
2016-01-10,2016,1,50.900000000000006
2016-01-11,2016,1,37.76
2016-01-12,2016,1,32.9
2016-01-13,2016,1,29.3
2016-01-14,2016,1,28.759999999999998
2016-01-15,2016,1,40.28
2016-01-16,2016,1,46.22
2016-01-17,2016,1,38.84
2016-01-18,2016,1,28.94
2016-01-19,2016,1,22.82
2016-01-20,2016,1,32.18
2016-01-21,2016,1,32.54
2016-01-22,2016,1,27.32
2016-01-23,2016,1,27.86
2016-01-24,2016,1,28.22
2016-01-25,2016,1,33.98
2016-01-26,2016,1,40.28
2016-01-27,2016,1,44.42
2016-01-28,2016,1,37.94
2016-01-29,2016,1,39.74
2016-01-30,2016,1,33.98
2016-01-31,2016,1,42.44
2016-02-01,2016,2,50.540000000000006
2016-02-02,2016,2,45.5
2016-02-03,2016,2,48.019999999999996
2016-02-04,2016,2,53.96
2016-02-05,2016,2,39.38
2016-02-06,2016,2,35.96
2016-02-07,2016,2,39.56
2016-02-08,2016,2,36.68
2016-02-09,2016,2,30.2
2016-02-10,2016,2,35.42
2016-02-11,2016,2,28.04
2016-02-12,2016,2,21.740000000000002
2016-02-13,2016,2,21.560000000000002
2016-02-14,2016,2,8.240000000000002
2016-02-15,2016,2,19.04
2016-02-16,2016,2,46.04
2016-02-17,2016,2,39.92
2016-02-18,2016,2,33.98
2016-02-19,2016,2,30.2
2016-02-20,2016,2,47.480000000000004
2016-02-21,2016,2,53.06
2016-02-22,2016,2,46.04
2016-02-23,2016,2,38.84
2016-02-24,2016,2,39.74
2016-02-25,2016,2,52.7
2016-02-26,2016,2,36.68
2016-02-27,2016,2,32.54
2016-02-28,2016,2,46.22
2016-02-29,2016,2,51.26
2016-03-01,2016,3,46.58
2016-03-02,2016,3,46.58
2016-03-03,2016,3,31.46
2016-03-04,2016,3,33.62
2016-03-05,2016,3,34.88
2016-03-06,2016,3,37.76
2016-03-07,2016,3,45.14
2016-03-08,2016,3,53.96
2016-03-09,2016,3,53.96
2016-03-10,2016,3,69.98
2016-03-11,2016,3,61.16
2016-03-12,2016,3,49.64
2016-03-13,2016,3,56.66
2016-03-14,2016,3,47.66
2016-03-15,2016,3,48.019999999999996
2016-03-16,2016,3,53.42
2016-03-17,2016,3,52.16
2016-03-18,2016,3,53.06
2016-03-19,2016,3,43.52
2016-03-20,2016,3,38.84
2016-03-21,2016,3,39.56
2016-03-22,2016,3,43.879999999999995
2016-03-23,2016,3,57.379999999999995
2016-03-24,2016,3,50.18
2016-03-25,2016,3,55.94
2016-03-26,2016,3,46.94
2016-03-27,2016,3,45.86
2016-03-28,2016,3,47.3
2016-03-29,2016,3,49.64
2016-03-30,2016,3,45.32
2016-03-31,2016,3,57.2
2016-04-01,2016,4,62.6
2016-04-02,2016,4,56.3
2016-04-03,2016,4,42.26
2016-04-04,2016,4,39.74
2016-04-05,2016,4,33.26
2016-04-06,2016,4,39.019999999999996
2016-04-07,2016,4,51.980000000000004
2016-04-08,2016,4,48.92
2016-04-09,2016,4,41.18
2016-04-10,2016,4,40.46
2016-04-11,2016,4,50.18
2016-04-12,2016,4,53.24
2016-04-13,2016,4,48.379999999999995
2016-04-14,2016,4,49.82
2016-04-15,2016,4,50.72
2016-04-16,2016,4,52.519999999999996
2016-04-17,2016,4,55.76
2016-04-18,2016,4,62.42
2016-04-19,2016,4,65.48
2016-04-20,2016,4,58.82
2016-04-21,2016,4,58.82
2016-04-22,2016,4,69.98
2016-04-23,2016,4,66.56
2016-04-24,2016,4,56.480000000000004
2016-04-25,2016,4,56.66
2016-04-26,2016,4,54.32
2016-04-27,2016,4,51.08
2016-04-28,2016,4,53.24
2016-04-29,2016,4,51.980000000000004
2016-04-30,2016,4,52.879999999999995
2016-05-01,2016,5,50.18
2016-05-02,2016,5,50.540000000000006
2016-05-03,2016,5,54.5
2016-05-04,2016,5,51.26
2016-05-05,2016,5,51.8
2016-05-06,2016,5,52.16
2016-05-07,2016,5,52.34
2016-05-08,2016,5,55.400000000000006
2016-05-09,2016,5,62.96
2016-05-10,2016,5,59.18
2016-05-11,2016,5,62.96
2016-05-12,2016,5,66.2
2016-05-13,2016,5,61.519999999999996
2016-05-14,2016,5,66.2
2016-05-15,2016,5,55.94
2016-05-16,2016,5,52.879999999999995
2016-05-17,2016,5,62.24
2016-05-18,2016,5,59.36
2016-05-19,2016,5,60.980000000000004
2016-05-20,2016,5,64.4
2016-05-21,2016,5,62.42
2016-05-22,2016,5,60.620000000000005
2016-05-23,2016,5,64.94
2016-05-24,2016,5,65.66
2016-05-25,2016,5,74.48
2016-05-26,2016,5,82.22
2016-05-27,2016,5,76.64
2016-05-28,2016,5,79.88
2016-05-29,2016,5,80.06
2016-05-30,2016,5,73.58000000000001
2016-05-31,2016,5,76.64
2016-06-01,2016,6,75.92
2016-06-02,2016,6,68.9
2016-06-03,2016,6,66.38
2016-06-04,2016,6,72.86
2016-06-05,2016,6,69.25999999999999
2016-06-06,2016,6,75.02
2016-06-07,2016,6,79.34
2016-06-08,2016,6,64.94
2016-06-09,2016,6,63.68000000000001
2016-06-10,2016,6,67.82
2016-06-11,2016,6,74.66
2016-06-12,2016,6,80.24000000000001
2016-06-13,2016,6,66.02
2016-06-14,2016,6,69.08000000000001
2016-06-15,2016,6,75.38
2016-06-16,2016,6,73.22
2016-06-17,2016,6,71.24000000000001
2016-06-18,2016,6,73.03999999999999
2016-06-19,2016,6,75.02
2016-06-20,2016,6,73.4
2016-06-21,2016,6,80.78
2016-06-22,2016,6,77.9
2016-06-23,2016,6,74.30000000000001
2016-06-24,2016,6,74.66
2016-06-25,2016,6,73.22
2016-06-26,2016,6,75.74000000000001
2016-06-27,2016,6,75.74000000000001
2016-06-28,2016,6,72.68
2016-06-29,2016,6,75.74000000000001
2016-06-30,2016,6,77.53999999999999
2016-07-01,2016,7,76.82
2016-07-02,2016,7,72.86
2016-07-03,2016,7,75.38
2016-07-04,2016,7,76.64
2016-07-05,2016,7,75.92
2016-07-06,2016,7,85.82
2016-07-07,2016,7,85.1
2016-07-08,2016,7,78.80000000000001
2016-07-09,2016,7,70.34
2016-07-10,2016,7,73.03999999999999
2016-07-11,2016,7,74.48
2016-07-12,2016,7,76.64
2016-07-13,2016,7,78.08000000000001
2016-07-14,2016,7,80.42
2016-07-15,2016,7,86.53999999999999
2016-07-16,2016,7,84.02
2016-07-17,2016,7,83.12
2016-07-18,2016,7,86.36
2016-07-19,2016,7,80.24000000000001
2016-07-20,2016,7,77.9
2016-07-21,2016,7,80.96000000000001
2016-07-22,2016,7,85.1
2016-07-23,2016,7,89.42
2016-07-24,2016,7,85.28
2016-07-25,2016,7,84.38
2016-07-26,2016,7,81.68
2016-07-27,2016,7,84.56
2016-07-28,2016,7,84.74000000000001
2016-07-29,2016,7,78.08000000000001
2016-07-30,2016,7,78.44
2016-07-31,2016,7,77.72
2016-08-01,2016,8,74.12
2016-08-02,2016,8,74.12
2016-08-03,2016,8,74.12
2016-08-04,2016,8,75.56
2016-08-05,2016,8,77.36
2016-08-06,2016,8,80.78
2016-08-07,2016,8,81.5
2016-08-08,2016,8,80.78
2016-08-09,2016,8,80.78
2016-08-10,2016,8,81.5
2016-08-11,2016,8,86.72
2016-08-12,2016,8,86.53999999999999
2016-08-13,2016,8,89.24000000000001
2016-08-14,2016,8,90.68
2016-08-15,2016,8,84.56
2016-08-16,2016,8,84.92
2016-08-17,2016,8,82.75999999999999
2016-08-18,2016,8,80.24000000000001
2016-08-19,2016,8,81.68
2016-08-20,2016,8,78.98
2016-08-21,2016,8,80.78
2016-08-22,2016,8,75.92
2016-08-23,2016,8,74.30000000000001
2016-08-24,2016,8,78.62
2016-08-25,2016,8,78.62
2016-08-26,2016,8,83.66
2016-08-27,2016,8,82.4
2016-08-28,2016,8,80.78
2016-08-29,2016,8,82.03999999999999
2016-08-30,2016,8,78.98
2016-08-31,2016,8,80.42
2016-09-01,2016,9,76.82
2016-09-02,2016,9,75.02
2016-09-03,2016,9,73.58000000000001
2016-09-04,2016,9,72.14
2016-09-05,2016,9,73.75999999999999
2016-09-06,2016,9,77.72
2016-09-07,2016,9,77.18
2016-09-08,2016,9,78.98
2016-09-09,2016,9,86.53999999999999
2016-09-10,2016,9,82.22
2016-09-11,2016,9,80.6
2016-09-12,2016,9,71.24000000000001
2016-09-13,2016,9,73.22
2016-09-14,2016,9,78.08000000000001
2016-09-15,2016,9,70.34
2016-09-16,2016,9,68.53999999999999
2016-09-17,2016,9,69.25999999999999
2016-09-18,2016,9,76.28
2016-09-19,2016,9,75.2
2016-09-20,2016,9,75.38
2016-09-21,2016,9,77.53999999999999
2016-09-22,2016,9,76.82
2016-09-23,2016,9,77.18
2016-09-24,2016,9,68.53999999999999
2016-09-25,2016,9,64.22
2016-09-26,2016,9,65.66
2016-09-27,2016,9,70.52
2016-09-28,2016,9,67.64
2016-09-29,2016,9,63.14
2016-09-30,2016,9,62.06
2016-10-01,2016,10,60.44
2016-10-02,2016,10,60.620000000000005
2016-10-03,2016,10,66.38
2016-10-04,2016,10,66.56
2016-10-05,2016,10,62.06
2016-10-06,2016,10,64.75999999999999
2016-10-07,2016,10,65.84
2016-10-08,2016,10,64.94
2016-10-09,2016,10,61.34
2016-10-10,2016,10,57.019999999999996
2016-10-11,2016,10,56.120000000000005
2016-10-12,2016,10,60.8
2016-10-13,2016,10,62.42
2016-10-14,2016,10,57.379999999999995
2016-10-15,2016,10,57.379999999999995
2016-10-16,2016,10,62.24
2016-10-17,2016,10,72.14
2016-10-18,2016,10,74.66
2016-10-19,2016,10,77.18
2016-10-20,2016,10,68.36
2016-10-21,2016,10,69.44
2016-10-22,2016,10,55.76
2016-10-23,2016,10,54.32
2016-10-24,2016,10,58.82
2016-10-25,2016,10,50.900000000000006
2016-10-26,2016,10,47.120000000000005
2016-10-27,2016,10,45.68
2016-10-28,2016,10,50.540000000000006
2016-10-29,2016,10,51.08
2016-10-30,2016,10,67.64
2016-10-31,2016,10,53.06
2016-11-01,2016,11,50.72
2016-11-02,2016,11,61.16
2016-11-03,2016,11,66.74000000000001
2016-11-04,2016,11,59.18
2016-11-05,2016,11,54.86
2016-11-06,2016,11,57.74
2016-11-07,2016,11,48.92
2016-11-08,2016,11,56.120000000000005
2016-11-09,2016,11,59.36
2016-11-10,2016,11,51.08
2016-11-11,2016,11,55.94
2016-11-12,2016,11,45.32
2016-11-13,2016,11,51.980000000000004
2016-11-14,2016,11,56.66
2016-11-15,2016,11,53.42
2016-11-16,2016,11,53.96
2016-11-17,2016,11,56.84
2016-11-18,2016,11,54.86
2016-11-19,2016,11,55.040000000000006
2016-11-20,2016,11,44.24
2016-11-21,2016,11,40.64
2016-11-22,2016,11,40.82
2016-11-23,2016,11,41.0
2016-11-24,2016,11,44.24
2016-11-25,2016,11,50.18
2016-11-26,2016,11,50.0
2016-11-27,2016,11,46.04
2016-11-28,2016,11,46.76
2016-11-29,2016,11,55.400000000000006
2016-11-30,2016,11,57.2
2016-12-01,2016,12,53.78
2016-12-02,2016,12,47.3
2016-12-03,2016,12,46.4
2016-12-04,2016,12,44.24
2016-12-05,2016,12,44.42
2016-12-06,2016,12,45.32
2016-12-07,2016,12,43.7
2016-12-08,2016,12,44.6
2016-12-09,2016,12,37.58
2016-12-10,2016,12,33.44
2016-12-11,2016,12,33.08
2016-12-12,2016,12,40.46
2016-12-13,2016,12,42.08
2016-12-14,2016,12,41.72
2016-12-15,2016,12,30.74
2016-12-16,2016,12,22.64
2016-12-17,2016,12,30.74
2016-12-18,2016,12,46.76
2016-12-19,2016,12,30.74
2016-12-20,2016,12,27.32
2016-12-21,2016,12,36.32
2016-12-22,2016,12,42.980000000000004
2016-12-23,2016,12,43.52
2016-12-24,2016,12,43.879999999999995
2016-12-25,2016,12,45.5
2016-12-26,2016,12,38.84
2016-12-27,2016,12,55.94
2016-12-28,2016,12,41.9
2016-12-29,2016,12,39.74
2016-12-30,2016,12,39.74
2016-12-31,2016,12,37.76
2017-01-01,2017,1,46.4
2017-01-02,2017,1,39.92
2017-01-03,2017,1,42.08
2017-01-04,2017,1,46.76
2017-01-05,2017,1,33.8
2017-01-06,2017,1,32.18
2017-01-07,2017,1,25.34
2017-01-08,2017,1,22.64
2017-01-09,2017,1,20.66
2017-01-10,2017,1,27.68
2017-01-11,2017,1,46.58
2017-01-12,2017,1,54.86
2017-01-13,2017,1,53.78
2017-01-14,2017,1,32.18
2017-01-15,2017,1,35.24
2017-01-16,2017,1,36.86
2017-01-17,2017,1,41.72
2017-01-18,2017,1,41.18
2017-01-19,2017,1,44.06
2017-01-20,2017,1,43.16
2017-01-21,2017,1,45.86
2017-01-22,2017,1,46.04
2017-01-23,2017,1,43.52
2017-01-24,2017,1,39.019999999999996
2017-01-25,2017,1,42.44
2017-01-26,2017,1,50.0
2017-01-27,2017,1,43.7
2017-01-28,2017,1,38.66
2017-01-29,2017,1,39.92
2017-01-30,2017,1,37.04
2017-01-31,2017,1,30.92
2017-02-01,2017,2,41.18
2017-02-02,2017,2,41.54
2017-02-03,2017,2,32.54
2017-02-04,2017,2,29.48
2017-02-05,2017,2,36.5
2017-02-06,2017,2,43.16
2017-02-07,2017,2,39.92
2017-02-08,2017,2,46.76
2017-02-09,2017,2,36.14
2017-02-10,2017,2,24.439999999999998
2017-02-11,2017,2,37.58
2017-02-12,2017,2,35.96
2017-02-13,2017,2,38.12
2017-02-14,2017,2,34.52
2017-02-15,2017,2,40.82
2017-02-16,2017,2,36.14
2017-02-17,2017,2,34.34
2017-02-18,2017,2,46.22
2017-02-19,2017,2,60.44
2017-02-20,2017,2,51.44
2017-02-21,2017,2,42.08
2017-02-22,2017,2,48.2
2017-02-23,2017,2,51.26
2017-02-24,2017,2,59.540000000000006
2017-02-25,2017,2,57.019999999999996
2017-02-26,2017,2,44.42
2017-02-27,2017,2,43.879999999999995
2017-02-28,2017,2,49.82
2017-03-01,2017,3,57.56
2017-03-02,2017,3,55.040000000000006
2017-03-03,2017,3,37.04
2017-03-04,2017,3,27.86
2017-03-05,2017,3,24.98
2017-03-06,2017,3,34.34
2017-03-07,2017,3,46.58
2017-03-08,2017,3,53.78
2017-03-09,2017,3,58.46
2017-03-10,2017,3,42.08
2017-03-11,2017,3,26.24
2017-03-12,2017,3,26.6
2017-03-13,2017,3,28.4
2017-03-14,2017,3,32.18
2017-03-15,2017,3,26.060000000000002
2017-03-16,2017,3,31.82
2017-03-17,2017,3,38.84
2017-03-18,2017,3,38.12
2017-03-19,2017,3,40.46
2017-03-20,2017,3,44.06
2017-03-21,2017,3,50.540000000000006
2017-03-22,2017,3,42.980000000000004
2017-03-23,2017,3,32.0
2017-03-24,2017,3,44.06
2017-03-25,2017,3,54.14
2017-03-26,2017,3,42.26
2017-03-27,2017,3,42.26
2017-03-28,2017,3,43.52
2017-03-29,2017,3,49.1
2017-03-30,2017,3,45.86
2017-03-31,2017,3,42.980000000000004
2017-04-01,2017,4,42.26
2017-04-02,2017,4,50.540000000000006
2017-04-03,2017,4,56.480000000000004
2017-04-04,2017,4,50.18
2017-04-05,2017,4,51.620000000000005
2017-04-06,2017,4,46.04
2017-04-07,2017,4,50.18
2017-04-08,2017,4,47.480000000000004
2017-04-09,2017,4,54.32
2017-04-10,2017,4,61.34
2017-04-11,2017,4,67.46000000000001
2017-04-12,2017,4,63.86
2017-04-13,2017,4,58.46
2017-04-14,2017,4,57.2
2017-04-15,2017,4,57.2
2017-04-16,2017,4,70.88
2017-04-17,2017,4,70.88
2017-04-18,2017,4,59.18
2017-04-19,2017,4,50.0
2017-04-20,2017,4,54.32
2017-04-21,2017,4,52.34
2017-04-22,2017,4,51.8
2017-04-23,2017,4,54.68
2017-04-24,2017,4,53.42
2017-04-25,2017,4,52.879999999999995
2017-04-26,2017,4,55.22
2017-04-27,2017,4,62.06
2017-04-28,2017,4,66.56
2017-04-29,2017,4,76.82
2017-04-30,2017,4,64.75999999999999
2017-05-01,2017,5,55.94
2017-05-02,2017,5,70.52
2017-05-03,2017,5,64.22
2017-05-04,2017,5,57.74
2017-05-05,2017,5,55.94
2017-05-06,2017,5,62.42
2017-05-07,2017,5,56.120000000000005
2017-05-08,2017,5,53.42
2017-05-09,2017,5,55.58
2017-05-10,2017,5,56.84
2017-05-11,2017,5,57.019999999999996
2017-05-12,2017,5,56.480000000000004
2017-05-13,2017,5,53.24
2017-05-14,2017,5,55.400000000000006
2017-05-15,2017,5,61.7
2017-05-16,2017,5,68.72
2017-05-17,2017,5,79.16
2017-05-18,2017,5,88.16
2017-05-19,2017,5,87.98
2017-05-20,2017,5,67.28
2017-05-21,2017,5,62.42
2017-05-22,2017,5,59.72
2017-05-23,2017,5,63.31999999999999
2017-05-24,2017,5,62.78
2017-05-25,2017,5,58.46
2017-05-26,2017,5,63.5
2017-05-27,2017,5,67.46000000000001
2017-05-28,2017,5,64.58000000000001
2017-05-29,2017,5,59.18
2017-05-30,2017,5,58.28
2017-05-31,2017,5,63.14
2017-06-01,2017,6,69.44
2017-06-02,2017,6,70.52
2017-06-03,2017,6,66.02
2017-06-04,2017,6,66.02
2017-06-05,2017,6,61.88
2017-06-06,2017,6,57.92
2017-06-07,2017,6,58.64
2017-06-08,2017,6,63.86
2017-06-09,2017,6,66.74000000000001
2017-06-10,2017,6,78.08000000000001
2017-06-11,2017,6,83.66
2017-06-12,2017,6,86.72
2017-06-13,2017,6,89.78
2017-06-14,2017,6,78.80000000000001
2017-06-15,2017,6,70.7
2017-06-16,2017,6,65.66
2017-06-17,2017,6,66.92
2017-06-18,2017,6,75.38
2017-06-19,2017,6,78.44
2017-06-20,2017,6,76.82
2017-06-21,2017,6,80.24000000000001
2017-06-22,2017,6,77.18
2017-06-23,2017,6,81.14
2017-06-24,2017,6,79.52
2017-06-25,2017,6,78.25999999999999
2017-06-26,2017,6,73.94
2017-06-27,2017,6,71.24000000000001
2017-06-28,2017,6,71.42
2017-06-29,2017,6,76.28
2017-06-30,2017,6,80.24000000000001
2017-07-01,2017,7,78.98
2017-07-02,2017,7,79.88
2017-07-03,2017,7,83.30000000000001
2017-07-04,2017,7,77.72
2017-07-05,2017,7,76.64
2017-07-06,2017,7,74.48
2017-07-07,2017,7,72.32
2017-07-08,2017,7,78.44
2017-07-09,2017,7,76.28
2017-07-10,2017,7,78.62
2017-07-11,2017,7,80.42
2017-07-12,2017,7,84.2
2017-07-13,2017,7,86.0
2017-07-14,2017,7,69.80000000000001
2017-07-15,2017,7,73.75999999999999
2017-07-16,2017,7,78.08000000000001
2017-07-17,2017,7,80.06
2017-07-18,2017,7,80.42
2017-07-19,2017,7,84.74000000000001
2017-07-20,2017,7,87.25999999999999
2017-07-21,2017,7,84.38
2017-07-22,2017,7,85.28
2017-07-23,2017,7,76.46000000000001
2017-07-24,2017,7,70.16
2017-07-25,2017,7,65.84
2017-07-26,2017,7,70.52
2017-07-27,2017,7,72.14
2017-07-28,2017,7,76.82
2017-07-29,2017,7,73.22
2017-07-30,2017,7,72.86
2017-07-31,2017,7,77.72
2017-08-01,2017,8,81.32
2017-08-02,2017,8,79.52
2017-08-03,2017,8,76.28
2017-08-04,2017,8,78.08000000000001
2017-08-05,2017,8,76.28
2017-08-06,2017,8,71.96000000000001
2017-08-07,2017,8,70.16
2017-08-08,2017,8,70.34
2017-08-09,2017,8,76.46000000000001
2017-08-10,2017,8,77.53999999999999
2017-08-11,2017,8,75.92
2017-08-12,2017,8,71.78
2017-08-13,2017,8,76.82
2017-08-14,2017,8,76.64
2017-08-15,2017,8,73.22
2017-08-16,2017,8,76.82
2017-08-17,2017,8,76.46000000000001
2017-08-18,2017,8,77.36
2017-08-19,2017,8,80.06
2017-08-20,2017,8,78.62
2017-08-21,2017,8,80.78
2017-08-22,2017,8,81.5
2017-08-23,2017,8,78.25999999999999
2017-08-24,2017,8,75.2
2017-08-25,2017,8,72.32
2017-08-26,2017,8,71.06
2017-08-27,2017,8,70.16
2017-08-28,2017,8,69.80000000000001
2017-08-29,2017,8,66.56
2017-08-30,2017,8,67.46000000000001
2017-08-31,2017,8,73.94
2017-09-01,2017,9,65.48
2017-09-02,2017,9,63.14
2017-09-03,2017,9,62.6
2017-09-04,2017,9,71.24000000000001
2017-09-05,2017,9,76.46000000000001
2017-09-06,2017,9,69.98
2017-09-07,2017,9,65.48
2017-09-08,2017,9,67.46000000000001
2017-09-09,2017,9,63.68000000000001
2017-09-10,2017,9,64.94
2017-09-11,2017,9,67.64
2017-09-12,2017,9,71.96000000000001
2017-09-13,2017,9,73.94
2017-09-14,2017,9,75.02
2017-09-15,2017,9,76.64
2017-09-16,2017,9,74.12
2017-09-17,2017,9,72.86
2017-09-18,2017,9,70.52
2017-09-19,2017,9,72.32
2017-09-20,2017,9,73.94
2017-09-21,2017,9,75.74000000000001
2017-09-22,2017,9,73.75999999999999
2017-09-23,2017,9,76.46000000000001
2017-09-24,2017,9,79.52
2017-09-25,2017,9,77.53999999999999
2017-09-26,2017,9,73.75999999999999
2017-09-27,2017,9,75.02
2017-09-28,2017,9,74.12
2017-09-29,2017,9,63.31999999999999
2017-09-30,2017,9,62.06
2017-10-01,2017,10,58.82
2017-10-02,2017,10,64.58000000000001
2017-10-03,2017,10,64.03999999999999
2017-10-04,2017,10,64.75999999999999
2017-10-05,2017,10,73.03999999999999
2017-10-06,2017,10,74.66
2017-10-07,2017,10,72.32
2017-10-08,2017,10,73.94
2017-10-09,2017,10,73.94
2017-10-10,2017,10,75.02
2017-10-11,2017,10,70.88
2017-10-12,2017,10,62.78
2017-10-13,2017,10,59.18
2017-10-14,2017,10,65.66
2017-10-15,2017,10,69.80000000000001
2017-10-16,2017,10,62.6
2017-10-17,2017,10,51.8
2017-10-18,2017,10,60.08
2017-10-19,2017,10,64.75999999999999
2017-10-20,2017,10,66.92
2017-10-21,2017,10,67.64
2017-10-22,2017,10,66.74000000000001
2017-10-23,2017,10,66.92
2017-10-24,2017,10,70.88
2017-10-25,2017,10,64.75999999999999
2017-10-26,2017,10,57.92
2017-10-27,2017,10,55.76
2017-10-28,2017,10,60.980000000000004
2017-10-29,2017,10,64.03999999999999
2017-10-30,2017,10,57.019999999999996
2017-10-31,2017,10,53.78
2017-11-01,2017,11,51.44
2017-11-02,2017,11,62.96
2017-11-03,2017,11,66.02
2017-11-04,2017,11,53.06
2017-11-05,2017,11,54.86
2017-11-06,2017,11,62.6
2017-11-07,2017,11,48.019999999999996
2017-11-08,2017,11,43.34
2017-11-09,2017,11,47.66
2017-11-10,2017,11,44.42
2017-11-11,2017,11,30.92
2017-11-12,2017,11,39.56
2017-11-13,2017,11,45.32
2017-11-14,2017,11,42.980000000000004
2017-11-15,2017,11,43.52
2017-11-16,2017,11,52.16
2017-11-17,2017,11,45.5
2017-11-18,2017,11,44.06
2017-11-19,2017,11,53.42
2017-11-20,2017,11,43.16
2017-11-21,2017,11,49.1
2017-11-22,2017,11,51.620000000000005
2017-11-23,2017,11,38.66
2017-11-24,2017,11,42.980000000000004
2017-11-25,2017,11,48.56
2017-11-26,2017,11,49.28
2017-11-27,2017,11,45.32
2017-11-28,2017,11,44.06
2017-11-29,2017,11,54.32
2017-11-30,2017,11,44.24
2017-12-01,2017,12,50.36
2017-12-02,2017,12,44.24
2017-12-03,2017,12,45.32
2017-12-04,2017,12,45.5
2017-12-05,2017,12,53.78
2017-12-06,2017,12,50.18
2017-12-07,2017,12,42.620000000000005
2017-12-08,2017,12,39.019999999999996
2017-12-09,2017,12,35.24
2017-12-10,2017,12,35.06
2017-12-11,2017,12,37.94
2017-12-12,2017,12,44.42
2017-12-13,2017,12,29.12
2017-12-14,2017,12,28.22
2017-12-15,2017,12,25.52
2017-12-16,2017,12,30.92
2017-12-17,2017,12,35.78
2017-12-18,2017,12,38.480000000000004
2017-12-19,2017,12,50.18
2017-12-20,2017,12,47.66
2017-12-21,2017,12,37.22
2017-12-22,2017,12,40.1
2017-12-23,2017,12,41.18
2017-12-24,2017,12,40.28
2017-12-25,2017,12,36.32
2017-12-26,2017,12,26.96
2017-12-27,2017,12,22.82
2017-12-28,2017,12,17.240000000000002
2017-12-29,2017,12,15.440000000000001
2017-12-30,2017,12,20.12
2017-12-31,2017,12,18.14
2018-01-01,2018,1,12.559999999999999
2018-01-02,2018,1,18.32
2018-01-03,2018,1,22.64
2018-01-04,2018,1,26.060000000000002
2018-01-05,2018,1,16.7
2018-01-06,2018,1,11.84
2018-01-07,2018,1,10.759999999999998
2018-01-08,2018,1,22.28
2018-01-09,2018,1,35.42
2018-01-10,2018,1,34.16
2018-01-11,2018,1,40.1
2018-01-12,2018,1,47.84
2018-01-13,2018,1,41.72
2018-01-14,2018,1,19.939999999999998
2018-01-15,2018,1,21.560000000000002
2018-01-16,2018,1,27.86
2018-01-17,2018,1,33.8
2018-01-18,2018,1,26.060000000000002
2018-01-19,2018,1,31.28
2018-01-20,2018,1,43.34
2018-01-21,2018,1,46.04
2018-01-22,2018,1,42.08
2018-01-23,2018,1,44.78
2018-01-24,2018,1,42.980000000000004
2018-01-25,2018,1,29.48
2018-01-26,2018,1,32.0
2018-01-27,2018,1,42.08
2018-01-28,2018,1,50.36
2018-01-29,2018,1,42.8
2018-01-30,2018,1,34.16
2018-01-31,2018,1,26.24
2018-02-01,2018,2,36.86
2018-02-02,2018,2,33.44
2018-02-03,2018,2,22.46
2018-02-04,2018,2,34.88
2018-02-05,2018,2,37.4
2018-02-06,2018,2,31.64
2018-02-07,2018,2,32.72
2018-02-08,2018,2,32.72
2018-02-09,2018,2,30.74
2018-02-10,2018,2,42.08
2018-02-11,2018,2,45.68
2018-02-12,2018,2,48.019999999999996
2018-02-13,2018,2,33.08
2018-02-14,2018,2,40.46
2018-02-15,2018,2,51.08
2018-02-16,2018,2,56.120000000000005
2018-02-17,2018,2,35.96
2018-02-18,2018,2,37.58
2018-02-19,2018,2,41.54
2018-02-20,2018,2,53.96
2018-02-21,2018,2,61.88
2018-02-22,2018,2,50.540000000000006
2018-02-23,2018,2,37.76
2018-02-24,2018,2,46.76
2018-02-25,2018,2,42.26
2018-02-26,2018,2,46.04
2018-02-27,2018,2,47.3
2018-02-28,2018,2,49.46
2018-03-01,2018,3,54.5
2018-03-02,2018,3,41.9
2018-03-03,2018,3,40.64
2018-03-04,2018,3,41.9
2018-03-05,2018,3,37.58
2018-03-06,2018,3,39.56
2018-03-07,2018,3,36.68
2018-03-08,2018,3,37.4
2018-03-09,2018,3,36.86
2018-03-10,2018,3,37.4
2018-03-11,2018,3,38.84
2018-03-12,2018,3,38.12
2018-03-13,2018,3,37.22
2018-03-14,2018,3,36.68
2018-03-15,2018,3,38.66
2018-03-16,2018,3,37.58
2018-03-17,2018,3,36.32
2018-03-18,2018,3,37.4
2018-03-19,2018,3,39.74
2018-03-20,2018,3,35.96
2018-03-21,2018,3,35.78
2018-03-22,2018,3,39.56
2018-03-23,2018,3,42.620000000000005
2018-03-24,2018,3,43.34
2018-03-25,2018,3,40.46
2018-03-26,2018,3,40.46
2018-03-27,2018,3,39.38
2018-03-28,2018,3,43.7
2018-03-29,2018,3,49.64
2018-03-30,2018,3,50.18
2018-03-31,2018,3,47.120000000000005
2018-04-01,2018,4,50.36
2018-04-02,2018,4,39.74
2018-04-03,2018,4,40.82
2018-04-04,2018,4,45.86
2018-04-05,2018,4,41.54
2018-04-06,2018,4,44.78
2018-04-07,2018,4,45.68
2018-04-08,2018,4,38.84
2018-04-09,2018,4,38.66
2018-04-10,2018,4,43.16
2018-04-11,2018,4,44.42
2018-04-12,2018,4,50.540000000000006
2018-04-13,2018,4,65.48
2018-04-14,2018,4,61.519999999999996
2018-04-15,2018,4,44.42
2018-04-16,2018,4,46.58
2018-04-17,2018,4,46.22
2018-04-18,2018,4,44.78
2018-04-19,2018,4,46.22
2018-04-20,2018,4,43.16
2018-04-21,2018,4,48.74
2018-04-22,2018,4,55.22
2018-04-23,2018,4,53.42
2018-04-24,2018,4,54.86
2018-04-25,2018,4,56.120000000000005
2018-04-26,2018,4,59.540000000000006
2018-04-27,2018,4,54.5
2018-04-28,2018,4,56.66
2018-04-29,2018,4,54.14
2018-04-30,2018,4,48.92
2018-05-01,2018,5,60.26
2018-05-02,2018,5,76.82
2018-05-03,2018,5,82.22
2018-05-04,2018,5,75.74000000000001
2018-05-05,2018,5,70.34
2018-05-06,2018,5,62.6
2018-05-07,2018,5,62.06
2018-05-08,2018,5,61.88
2018-05-09,2018,5,63.5
2018-05-10,2018,5,59.36
2018-05-11,2018,5,65.12
2018-05-12,2018,5,59.18
2018-05-13,2018,5,53.6
2018-05-14,2018,5,58.46
2018-05-15,2018,5,69.08000000000001
2018-05-16,2018,5,62.96
2018-05-17,2018,5,60.26
2018-05-18,2018,5,64.94
2018-05-19,2018,5,54.32
2018-05-20,2018,5,66.74000000000001
2018-05-21,2018,5,68.9
2018-05-22,2018,5,64.58000000000001
2018-05-23,2018,5,66.2
2018-05-24,2018,5,74.48
2018-05-25,2018,5,77.9
2018-05-26,2018,5,82.22
2018-05-27,2018,5,68.72
2018-05-28,2018,5,60.26
2018-05-29,2018,5,72.14
2018-05-30,2018,5,69.08000000000001
2018-05-31,2018,5,64.03999999999999
2018-06-01,2018,6,69.08000000000001
2018-06-02,2018,6,77.53999999999999
2018-06-03,2018,6,65.66
2018-06-04,2018,6,59.0
2018-06-05,2018,6,67.64
2018-06-06,2018,6,65.12
2018-06-07,2018,6,64.03999999999999
2018-06-08,2018,6,69.80000000000001
2018-06-09,2018,6,75.56
2018-06-10,2018,6,70.16
2018-06-11,2018,6,65.12
2018-06-12,2018,6,66.38
2018-06-13,2018,6,69.25999999999999
2018-06-14,2018,6,77.53999999999999
2018-06-15,2018,6,71.78
2018-06-16,2018,6,75.02
2018-06-17,2018,6,79.34
2018-06-18,2018,6,82.03999999999999
2018-06-19,2018,6,83.48
2018-06-20,2018,6,76.46000000000001
2018-06-21,2018,6,74.66
2018-06-22,2018,6,72.32
2018-06-23,2018,6,65.30000000000001
2018-06-24,2018,6,71.96000000000001
2018-06-25,2018,6,75.92
2018-06-26,2018,6,71.6
2018-06-27,2018,6,71.42
2018-06-28,2018,6,75.38
2018-06-29,2018,6,80.6
2018-06-30,2018,6,84.74000000000001
2018-07-01,2018,7,87.98
2018-07-02,2018,7,86.9
2018-07-03,2018,7,83.12
2018-07-04,2018,7,82.22
2018-07-05,2018,7,82.94
2018-07-06,2018,7,80.78
2018-07-07,2018,7,71.6
2018-07-08,2018,7,73.22
2018-07-09,2018,7,77.72
2018-07-10,2018,7,83.12
2018-07-11,2018,7,81.68
2018-07-12,2018,7,77.0
2018-07-13,2018,7,77.53999999999999
2018-07-14,2018,7,80.42
2018-07-15,2018,7,78.98
2018-07-16,2018,7,83.84
2018-07-17,2018,7,82.03999999999999
2018-07-18,2018,7,77.18
2018-07-19,2018,7,75.92
2018-07-20,2018,7,76.46000000000001
2018-07-21,2018,7,73.94
2018-07-22,2018,7,75.56
2018-07-23,2018,7,79.52
2018-07-24,2018,7,81.14
2018-07-25,2018,7,78.44
2018-07-26,2018,7,78.80000000000001
2018-07-27,2018,7,82.75999999999999
2018-07-28,2018,7,78.44
2018-07-29,2018,7,78.98
2018-07-30,2018,7,77.72
2018-07-31,2018,7,76.28
2018-08-01,2018,8,80.42
2018-08-02,2018,8,84.2
2018-08-03,2018,8,81.32
2018-08-04,2018,8,79.88
2018-08-05,2018,8,85.28
2018-08-06,2018,8,87.25999999999999
2018-08-07,2018,8,85.64
2018-08-08,2018,8,83.48
2018-08-09,2018,8,83.66
2018-08-10,2018,8,82.58000000000001
2018-08-11,2018,8,77.18
2018-08-12,2018,8,76.82
2018-08-13,2018,8,74.66
2018-08-14,2018,8,76.46000000000001
2018-08-15,2018,8,79.34
2018-08-16,2018,8,85.28
2018-08-17,2018,8,85.64
2018-08-18,2018,8,81.14
2018-08-19,2018,8,72.68
2018-08-20,2018,8,71.78
2018-08-21,2018,8,73.22
2018-08-22,2018,8,78.44
2018-08-23,2018,8,74.48
2018-08-24,2018,8,76.64
2018-08-25,2018,8,76.1
2018-08-26,2018,8,76.82
2018-08-27,2018,8,82.94
2018-08-28,2018,8,88.52
2018-08-29,2018,8,90.86000000000001
2018-08-30,2018,8,87.44
2018-08-31,2018,8,77.53999999999999
2018-09-01,2018,9,73.75999999999999
2018-09-02,2018,9,75.56
2018-09-03,2018,9,82.22
2018-09-04,2018,9,86.18
2018-09-05,2018,9,84.56
2018-09-06,2018,9,84.56
2018-09-07,2018,9,75.74000000000001
2018-09-08,2018,9,70.34
2018-09-09,2018,9,62.78
2018-09-10,2018,9,61.7
2018-09-11,2018,9,67.64
2018-09-12,2018,9,73.75999999999999
2018-09-13,2018,9,73.03999999999999
2018-09-14,2018,9,72.86
2018-09-15,2018,9,74.12
2018-09-16,2018,9,75.74000000000001
2018-09-17,2018,9,75.02
2018-09-18,2018,9,76.64
2018-09-19,2018,9,75.56
2018-09-20,2018,9,69.25999999999999
2018-09-21,2018,9,70.7
2018-09-22,2018,9,72.68
2018-09-23,2018,9,64.58000000000001
2018-09-24,2018,9,64.94
2018-09-25,2018,9,66.2
2018-09-26,2018,9,75.92
2018-09-27,2018,9,69.98
2018-09-28,2018,9,63.31999999999999
2018-09-29,2018,9,66.02
2018-09-30,2018,9,65.12
2018-10-01,2018,10,70.16
2018-10-02,2018,10,72.86
2018-10-03,2018,10,71.24000000000001
2018-10-04,2018,10,70.34
2018-10-05,2018,10,68.53999999999999
2018-10-06,2018,10,65.66
2018-10-07,2018,10,73.03999999999999
2018-10-08,2018,10,69.62
2018-10-09,2018,10,71.24000000000001
2018-10-10,2018,10,74.84
2018-10-11,2018,10,74.12
2018-10-12,2018,10,64.94
2018-10-13,2018,10,53.96
2018-10-14,2018,10,55.22
2018-10-15,2018,10,60.44
2018-10-16,2018,10,57.74
2018-10-17,2018,10,55.76
2018-10-18,2018,10,49.28
2018-10-19,2018,10,52.34
2018-10-20,2018,10,59.0
2018-10-21,2018,10,51.26
2018-10-22,2018,10,46.94
2018-10-23,2018,10,54.68
2018-10-24,2018,10,51.8
2018-10-25,2018,10,47.84
2018-10-26,2018,10,45.14
2018-10-27,2018,10,48.92
2018-10-28,2018,10,50.36
2018-10-29,2018,10,53.24
2018-10-30,2018,10,50.36
2018-10-31,2018,10,54.68
2018-11-01,2018,11,62.42
2018-11-02,2018,11,65.48
2018-11-03,2018,11,59.72
2018-11-04,2018,11,51.08
2018-11-05,2018,11,51.26
2018-11-06,2018,11,53.96
2018-11-07,2018,11,58.82
2018-11-08,2018,11,54.32
2018-11-09,2018,11,48.2
2018-11-10,2018,11,47.84
2018-11-11,2018,11,40.82
2018-11-12,2018,11,44.06
2018-11-13,2018,11,48.379999999999995
2018-11-14,2018,11,40.46
2018-11-15,2018,11,33.08
2018-11-16,2018,11,40.64
2018-11-17,2018,11,43.52
2018-11-18,2018,11,42.980000000000004
2018-11-19,2018,11,45.68
2018-11-20,2018,11,46.04
2018-11-21,2018,11,41.72
2018-11-22,2018,11,27.32
2018-11-23,2018,11,23.36
2018-11-24,2018,11,36.5
2018-11-25,2018,11,49.64
2018-11-26,2018,11,49.46
2018-11-27,2018,11,44.6
2018-11-28,2018,11,39.74
2018-11-29,2018,11,42.620000000000005
2018-11-30,2018,11,40.64
2018-12-01,2018,12,41.54
2018-12-02,2018,12,46.22
2018-12-03,2018,12,54.14
2018-12-04,2018,12,42.08
2018-12-05,2018,12,33.08
2018-12-06,2018,12,35.96
2018-12-07,2018,12,37.76
2018-12-08,2018,12,30.74
2018-12-09,2018,12,33.26
2018-12-10,2018,12,34.7
2018-12-11,2018,12,35.06
2018-12-12,2018,12,36.86
2018-12-13,2018,12,36.14
2018-12-14,2018,12,43.34
2018-12-15,2018,12,47.84
2018-12-16,2018,12,42.44
2018-12-17,2018,12,40.82
2018-12-18,2018,12,36.5
2018-12-19,2018,12,32.54
2018-12-20,2018,12,40.1
2018-12-21,2018,12,53.78
2018-12-22,2018,12,48.56
2018-12-23,2018,12,40.28
2018-12-24,2018,12,39.38
2018-12-25,2018,12,37.58
2018-12-26,2018,12,37.04
2018-12-27,2018,12,41.18
2018-12-28,2018,12,47.120000000000005
2018-12-29,2018,12,52.34
2018-12-30,2018,12,37.58
2018-12-31,2018,12,40.46
2019-01-01,2019,1,51.08
2019-01-02,2019,1,38.66
2019-01-03,2019,1,41.36
2019-01-04,2019,1,40.82
2019-01-05,2019,1,44.42
2019-01-06,2019,1,44.78
2019-01-07,2019,1,30.56
2019-01-08,2019,1,39.56
2019-01-09,2019,1,44.06
2019-01-10,2019,1,34.52
2019-01-11,2019,1,28.04
2019-01-12,2019,1,26.42
2019-01-13,2019,1,29.66
2019-01-14,2019,1,27.68
2019-01-15,2019,1,30.38
2019-01-16,2019,1,34.16
2019-01-17,2019,1,31.1
2019-01-18,2019,1,33.26
2019-01-19,2019,1,35.78
2019-01-20,2019,1,34.88
2019-01-21,2019,1,12.559999999999999
2019-01-22,2019,1,19.22
2019-01-23,2019,1,34.34
2019-01-24,2019,1,49.64
2019-01-25,2019,1,36.86
2019-01-26,2019,1,29.84
2019-01-27,2019,1,38.3
2019-01-28,2019,1,33.08
2019-01-29,2019,1,32.18
2019-01-30,2019,1,29.84
2019-01-31,2019,1,9.32
2019-02-01,2019,2,15.8
2019-02-02,2019,2,23.72
2019-02-03,2019,2,38.66
2019-02-04,2019,2,45.68
2019-02-05,2019,2,49.1
2019-02-06,2019,2,42.44
2019-02-07,2019,2,40.82
2019-02-08,2019,2,44.96
2019-02-09,2019,2,30.74
2019-02-10,2019,2,28.759999999999998
2019-02-11,2019,2,33.98
2019-02-12,2019,2,31.1
2019-02-13,2019,2,36.68
2019-02-14,2019,2,36.86
2019-02-15,2019,2,45.86
2019-02-16,2019,2,42.08
2019-02-17,2019,2,32.18
2019-02-18,2019,2,35.6
2019-02-19,2019,2,28.759999999999998
2019-02-20,2019,2,28.94
2019-02-21,2019,2,38.12
2019-02-22,2019,2,41.9
2019-02-23,2019,2,36.14
2019-02-24,2019,2,39.019999999999996
2019-02-25,2019,2,41.0
2019-02-26,2019,2,30.2
2019-02-27,2019,2,25.88
2019-02-28,2019,2,30.02
2019-03-01,2019,3,29.66
2019-03-02,2019,3,34.16
2019-03-03,2019,3,38.3
2019-03-04,2019,3,34.34
2019-03-05,2019,3,27.32
2019-03-06,2019,3,24.08
2019-03-07,2019,3,24.08
2019-03-08,2019,3,30.02
2019-03-09,2019,3,38.66
2019-03-10,2019,3,37.76
2019-03-11,2019,3,45.5
2019-03-12,2019,3,39.92
2019-03-13,2019,3,37.76
2019-03-14,2019,3,45.86
2019-03-15,2019,3,54.68
2019-03-16,2019,3,50.900000000000006
2019-03-17,2019,3,38.84
2019-03-18,2019,3,38.480000000000004
2019-03-19,2019,3,41.54
2019-03-20,2019,3,43.7
2019-03-21,2019,3,42.44
2019-03-22,2019,3,43.16
2019-03-23,2019,3,40.64
2019-03-24,2019,3,46.76
2019-03-25,2019,3,52.519999999999996
2019-03-26,2019,3,41.9
2019-03-27,2019,3,39.74
2019-03-28,2019,3,41.72
2019-03-29,2019,3,50.900000000000006
2019-03-30,2019,3,55.400000000000006
2019-03-31,2019,3,52.34
2019-04-01,2019,4,39.92
2019-04-02,2019,4,43.34
2019-04-03,2019,4,50.36
2019-04-04,2019,4,51.980000000000004
2019-04-05,2019,4,42.26
2019-04-06,2019,4,47.480000000000004
2019-04-07,2019,4,55.58
2019-04-08,2019,4,61.519999999999996
2019-04-09,2019,4,46.94
2019-04-10,2019,4,50.72
2019-04-11,2019,4,45.32
2019-04-12,2019,4,50.540000000000006
2019-04-13,2019,4,63.14
2019-04-14,2019,4,63.5
2019-04-15,2019,4,56.480000000000004
2019-04-16,2019,4,50.540000000000006
2019-04-17,2019,4,53.42
2019-04-18,2019,4,54.32
2019-04-19,2019,4,61.88
2019-04-20,2019,4,60.08
2019-04-21,2019,4,56.480000000000004
2019-04-22,2019,4,55.040000000000006
2019-04-23,2019,4,61.16
2019-04-24,2019,4,63.68000000000001
2019-04-25,2019,4,55.94
2019-04-26,2019,4,52.879999999999995
2019-04-27,2019,4,54.86
2019-04-28,2019,4,49.82
2019-04-29,2019,4,49.82
2019-04-30,2019,4,50.540000000000006
2019-05-01,2019,5,52.34
2019-05-02,2019,5,54.68
2019-05-03,2019,5,50.72
2019-05-04,2019,5,54.68
2019-05-05,2019,5,52.519999999999996
2019-05-06,2019,5,55.040000000000006
2019-05-07,2019,5,56.84
2019-05-08,2019,5,59.540000000000006
2019-05-09,2019,5,55.58
2019-05-10,2019,5,61.88
2019-05-11,2019,5,64.75999999999999
2019-05-12,2019,5,52.519999999999996
2019-05-13,2019,5,46.4
2019-05-14,2019,5,47.120000000000005
2019-05-15,2019,5,53.78
2019-05-16,2019,5,63.5
2019-05-17,2019,5,69.25999999999999
2019-05-18,2019,5,66.56
2019-05-19,2019,5,65.84
2019-05-20,2019,5,75.56
2019-05-21,2019,5,67.64
2019-05-22,2019,5,65.48
2019-05-23,2019,5,66.56
2019-05-24,2019,5,69.98
2019-05-25,2019,5,64.03999999999999
2019-05-26,2019,5,71.6
2019-05-27,2019,5,73.58000000000001
2019-05-28,2019,5,68.36
2019-05-29,2019,5,63.14
2019-05-30,2019,5,60.44
2019-05-31,2019,5,69.62
2019-06-01,2019,6,70.88
2019-06-02,2019,6,71.24000000000001
2019-06-03,2019,6,66.92
2019-06-04,2019,6,64.22
2019-06-05,2019,6,71.96000000000001
2019-06-06,2019,6,76.28
2019-06-07,2019,6,72.32
2019-06-08,2019,6,71.06
2019-06-09,2019,6,67.82
2019-06-10,2019,6,63.31999999999999
2019-06-11,2019,6,69.44
2019-06-12,2019,6,68.18
2019-06-13,2019,6,63.31999999999999
2019-06-14,2019,6,65.30000000000001
2019-06-15,2019,6,73.4
2019-06-16,2019,6,75.38
2019-06-17,2019,6,73.75999999999999
2019-06-18,2019,6,71.42
2019-06-19,2019,6,67.64
2019-06-20,2019,6,67.28
2019-06-21,2019,6,71.06
2019-06-22,2019,6,71.6
2019-06-23,2019,6,75.38
2019-06-24,2019,6,78.80000000000001
2019-06-25,2019,6,76.64
2019-06-26,2019,6,79.16
2019-06-27,2019,6,82.03999999999999
2019-06-28,2019,6,82.58000000000001
2019-06-29,2019,6,83.48
2019-06-30,2019,6,78.08000000000001
2019-07-01,2019,7,75.92
2019-07-02,2019,7,80.96000000000001
2019-07-03,2019,7,81.14
2019-07-04,2019,7,81.68
2019-07-05,2019,7,78.44
2019-07-06,2019,7,83.12
2019-07-07,2019,7,79.16
2019-07-08,2019,7,74.48
2019-07-09,2019,7,79.52
2019-07-10,2019,7,82.75999999999999
2019-07-11,2019,7,80.96000000000001
2019-07-12,2019,7,79.34
2019-07-13,2019,7,79.34
2019-07-14,2019,7,84.56
2019-07-15,2019,7,80.24000000000001
2019-07-16,2019,7,83.12
2019-07-17,2019,7,87.44
2019-07-18,2019,7,75.74000000000001
2019-07-19,2019,7,78.80000000000001
2019-07-20,2019,7,91.03999999999999
2019-07-21,2019,7,92.12
2019-07-22,2019,7,83.84
2019-07-23,2019,7,73.03999999999999
2019-07-24,2019,7,75.02
2019-07-25,2019,7,78.44
2019-07-26,2019,7,79.52
2019-07-27,2019,7,80.24000000000001
2019-07-28,2019,7,82.58000000000001
2019-07-29,2019,7,85.46000000000001
2019-07-30,2019,7,87.62
2019-07-31,2019,7,82.22
2019-08-01,2019,8,78.62
2019-08-02,2019,8,79.16
2019-08-03,2019,8,79.88
2019-08-04,2019,8,78.62
2019-08-05,2019,8,77.0
2019-08-06,2019,8,75.92
2019-08-07,2019,8,78.08000000000001
2019-08-08,2019,8,77.36
2019-08-09,2019,8,77.36
2019-08-10,2019,8,76.82
2019-08-11,2019,8,75.02
2019-08-12,2019,8,79.7
2019-08-13,2019,8,78.44
2019-08-14,2019,8,76.46000000000001
2019-08-15,2019,8,76.46000000000001
2019-08-16,2019,8,74.48
2019-08-17,2019,8,77.53999999999999
2019-08-18,2019,8,80.06
2019-08-19,2019,8,81.32
2019-08-20,2019,8,81.86
2019-08-21,2019,8,82.03999999999999
2019-08-22,2019,8,82.94
2019-08-23,2019,8,73.22
2019-08-24,2019,8,70.88
2019-08-25,2019,8,70.88
2019-08-26,2019,8,67.28
2019-08-27,2019,8,69.62
2019-08-28,2019,8,70.34
2019-08-29,2019,8,75.2
2019-08-30,2019,8,78.25999999999999
2019-08-31,2019,8,77.72
2019-09-01,2019,9,72.14
2019-09-02,2019,9,73.03999999999999
2019-09-03,2019,9,75.02
2019-09-04,2019,9,76.82
2019-09-05,2019,9,72.14
2019-09-06,2019,9,66.74000000000001
2019-09-07,2019,9,65.84
2019-09-08,2019,9,71.96000000000001
2019-09-09,2019,9,71.06
2019-09-10,2019,9,71.96000000000001
2019-09-11,2019,9,77.53999999999999
2019-09-12,2019,9,78.98
2019-09-13,2019,9,65.48
2019-09-14,2019,9,68.9
2019-09-15,2019,9,75.92
2019-09-16,2019,9,74.48
2019-09-17,2019,9,70.7
2019-09-18,2019,9,65.84
2019-09-19,2019,9,61.519999999999996
2019-09-20,2019,9,67.64
2019-09-21,2019,9,74.12
2019-09-22,2019,9,76.28
2019-09-23,2019,9,79.88
2019-09-24,2019,9,75.02
2019-09-25,2019,9,70.16
2019-09-26,2019,9,72.14
2019-09-27,2019,9,68.53999999999999
2019-09-28,2019,9,71.96000000000001
2019-09-29,2019,9,75.38
2019-09-30,2019,9,66.02
2019-10-01,2019,10,70.34
2019-10-02,2019,10,80.42
2019-10-03,2019,10,61.16
2019-10-04,2019,10,61.16
2019-10-05,2019,10,53.24
2019-10-06,2019,10,63.5
2019-10-07,2019,10,72.14
2019-10-08,2019,10,62.42
2019-10-09,2019,10,58.1
2019-10-10,2019,10,59.36
2019-10-11,2019,10,60.44
2019-10-12,2019,10,60.44
2019-10-13,2019,10,61.519999999999996
2019-10-14,2019,10,64.03999999999999
2019-10-15,2019,10,60.980000000000004
2019-10-16,2019,10,60.44
2019-10-17,2019,10,56.84
2019-10-18,2019,10,54.86
2019-10-19,2019,10,52.519999999999996
2019-10-20,2019,10,55.76
2019-10-21,2019,10,57.92
2019-10-22,2019,10,58.46
2019-10-23,2019,10,61.519999999999996
2019-10-24,2019,10,59.36
2019-10-25,2019,10,59.0
2019-10-26,2019,10,60.08
2019-10-27,2019,10,60.620000000000005
2019-10-28,2019,10,59.36
2019-10-29,2019,10,55.400000000000006
2019-10-30,2019,10,58.28
2019-10-31,2019,10,62.42
2019-11-01,2019,11,54.14
2019-11-02,2019,11,44.96
2019-11-03,2019,11,47.84
2019-11-04,2019,11,48.92
2019-11-05,2019,11,55.76
2019-11-06,2019,11,52.519999999999996
2019-11-07,2019,11,52.879999999999995
2019-11-08,2019,11,40.1
2019-11-09,2019,11,34.52
2019-11-10,2019,11,44.42
2019-11-11,2019,11,53.24
2019-11-12,2019,11,48.379999999999995
2019-11-13,2019,11,29.48
2019-11-14,2019,11,35.06
2019-11-15,2019,11,44.78
2019-11-16,2019,11,41.0
2019-11-17,2019,11,36.86
2019-11-18,2019,11,40.46
2019-11-19,2019,11,44.24
2019-11-20,2019,11,44.06
2019-11-21,2019,11,45.32
2019-11-22,2019,11,50.18
2019-11-23,2019,11,40.82
2019-11-24,2019,11,43.879999999999995
2019-11-25,2019,11,45.86
2019-11-26,2019,11,50.72
2019-11-27,2019,11,52.519999999999996
2019-11-28,2019,11,50.540000000000006
2019-11-29,2019,11,37.58
2019-11-30,2019,11,37.22
2019-12-01,2019,12,33.98
2019-12-02,2019,12,37.22
2019-12-03,2019,12,34.16
2019-12-04,2019,12,36.68
2019-12-05,2019,12,39.92
2019-12-06,2019,12,41.18
2019-12-07,2019,12,38.3
2019-12-08,2019,12,34.34
2019-12-09,2019,12,46.76
2019-12-10,2019,12,56.120000000000005
2019-12-11,2019,12,39.2
2019-12-12,2019,12,32.54
2019-12-13,2019,12,38.12
2019-12-14,2019,12,49.64
2019-12-15,2019,12,46.22
2019-12-16,2019,12,36.68
2019-12-17,2019,12,34.88
2019-12-18,2019,12,34.52
2019-12-19,2019,12,23.18
2019-12-20,2019,12,26.96
2019-12-21,2019,12,28.22
2019-12-22,2019,12,36.86
2019-12-23,2019,12,46.22
2019-12-24,2019,12,45.68
2019-12-25,2019,12,37.58
2019-12-26,2019,12,38.480000000000004
2019-12-27,2019,12,48.379999999999995
2019-12-28,2019,12,48.56
2019-12-29,2019,12,42.26
2019-12-30,2019,12,40.82
2019-12-31,2019,12,40.46
2020-01-01,2020,1,39.74
2020-01-02,2020,1,39.74
2020-01-03,2020,1,46.58
2020-01-04,2020,1,47.120000000000005
2020-01-05,2020,1,40.28
2020-01-06,2020,1,37.22
2020-01-07,2020,1,41.18
2020-01-08,2020,1,36.5
2020-01-09,2020,1,28.759999999999998
2020-01-10,2020,1,40.1
2020-01-11,2020,1,54.86
2020-01-12,2020,1,60.26
2020-01-13,2020,1,42.980000000000004
2020-01-14,2020,1,41.18
2020-01-15,2020,1,44.42
2020-01-16,2020,1,44.96
2020-01-17,2020,1,29.3
2020-01-18,2020,1,23.54
2020-01-19,2020,1,38.66
2020-01-20,2020,1,27.32
2020-01-21,2020,1,25.88
2020-01-22,2020,1,31.1
2020-01-23,2020,1,37.94
2020-01-24,2020,1,40.64
2020-01-25,2020,1,41.36
2020-01-26,2020,1,42.620000000000005
2020-01-27,2020,1,40.46
2020-01-28,2020,1,39.56
2020-01-29,2020,1,36.14
2020-01-30,2020,1,30.74
2020-01-31,2020,1,35.6
2020-02-01,2020,2,38.84
2020-02-02,2020,2,39.019999999999996
2020-02-03,2020,2,44.06
2020-02-04,2020,2,46.4
2020-02-05,2020,2,44.42
2020-02-06,2020,2,38.3
2020-02-07,2020,2,40.46
2020-02-08,2020,2,34.34
2020-02-09,2020,2,34.88
2020-02-10,2020,2,43.34
2020-02-11,2020,2,43.879999999999995
2020-02-12,2020,2,42.44
2020-02-13,2020,2,39.38
2020-02-14,2020,2,34.88
2020-02-15,2020,2,21.560000000000002
2020-02-16,2020,2,34.16
2020-02-17,2020,2,43.34
2020-02-18,2020,2,40.64
2020-02-19,2020,2,43.52
2020-02-20,2020,2,33.26
2020-02-21,2020,2,28.22
2020-02-22,2020,2,38.12
2020-02-23,2020,2,46.58
2020-02-24,2020,2,48.92
2020-02-25,2020,2,49.1
2020-02-26,2020,2,44.78
2020-02-27,2020,2,42.8
2020-02-28,2020,2,34.52
2020-02-29,2020,2,33.62
2020-03-01,2020,3,32.18
2020-03-02,2020,3,45.32
2020-03-03,2020,3,53.24
2020-03-04,2020,3,51.44
2020-03-05,2020,3,46.4
2020-03-06,2020,3,42.44
2020-03-07,2020,3,40.64
2020-03-08,2020,3,44.78
2020-03-09,2020,3,57.56
2020-03-10,2020,3,60.980000000000004
2020-03-11,2020,3,53.06
2020-03-12,2020,3,45.86
2020-03-13,2020,3,53.06
2020-03-14,2020,3,50.900000000000006
2020-03-15,2020,3,47.120000000000005
2020-03-16,2020,3,40.28
2020-03-17,2020,3,45.14
2020-03-18,2020,3,48.74
2020-03-19,2020,3,46.04
2020-03-20,2020,3,54.68
2020-03-21,2020,3,54.14
2020-03-22,2020,3,39.74
2020-03-23,2020,3,38.66
2020-03-24,2020,3,43.16
2020-03-25,2020,3,43.52
2020-03-26,2020,3,45.68
2020-03-27,2020,3,55.94
2020-03-28,2020,3,49.1
2020-03-29,2020,3,45.14
2020-03-30,2020,3,45.68
2020-03-31,2020,3,44.78
2020-04-01,2020,4,45.14
2020-04-02,2020,4,48.74
2020-04-03,2020,4,49.82
2020-04-04,2020,4,51.620000000000005
2020-04-05,2020,4,51.980000000000004
2020-04-06,2020,4,54.68
2020-04-07,2020,4,57.92
2020-04-08,2020,4,55.22
2020-04-09,2020,4,52.16
2020-04-10,2020,4,45.32
2020-04-11,2020,4,46.4
2020-04-12,2020,4,52.519999999999996
2020-04-13,2020,4,56.84
2020-04-14,2020,4,55.58
2020-04-15,2020,4,48.56
2020-04-16,2020,4,47.120000000000005
2020-04-17,2020,4,43.52
2020-04-18,2020,4,44.24
2020-04-19,2020,4,50.18
2020-04-20,2020,4,53.96
2020-04-21,2020,4,51.980000000000004
2020-04-22,2020,4,43.7
2020-04-23,2020,4,45.32
2020-04-24,2020,4,46.76
2020-04-25,2020,4,52.34
2020-04-26,2020,4,49.1
2020-04-27,2020,4,44.96
2020-04-28,2020,4,50.72
2020-04-29,2020,4,51.08
2020-04-30,2020,4,54.68
2020-05-01,2020,5,58.28
2020-05-02,2020,5,61.88
2020-05-03,2020,5,67.46000000000001
2020-05-04,2020,5,67.1
2020-05-05,2020,5,53.78
2020-05-06,2020,5,51.620000000000005
2020-05-07,2020,5,54.68
2020-05-08,2020,5,53.06
2020-05-09,2020,5,42.26
2020-05-10,2020,5,50.36
2020-05-11,2020,5,55.76
2020-05-12,2020,5,51.08
2020-05-13,2020,5,52.34
2020-05-14,2020,5,56.66
2020-05-15,2020,5,70.34
2020-05-16,2020,5,71.78
2020-05-17,2020,5,61.34
2020-05-18,2020,5,59.36
2020-05-19,2020,5,60.44
2020-05-20,2020,5,57.019999999999996
2020-05-21,2020,5,55.58
2020-05-22,2020,5,63.68000000000001
2020-05-23,2020,5,63.14
2020-05-24,2020,5,58.64
2020-05-25,2020,5,60.44
2020-05-26,2020,5,64.94
2020-05-27,2020,5,66.56
2020-05-28,2020,5,68.36
2020-05-29,2020,5,71.6
2020-05-30,2020,5,72.68
2020-05-31,2020,5,67.46000000000001
2020-06-01,2020,6,62.06
2020-06-02,2020,6,68.36
2020-06-03,2020,6,72.68
2020-06-04,2020,6,77.18
2020-06-05,2020,6,75.02
2020-06-06,2020,6,77.36
2020-06-07,2020,6,72.86
2020-06-08,2020,6,71.42
2020-06-09,2020,6,78.62
2020-06-10,2020,6,77.53999999999999
2020-06-11,2020,6,73.75999999999999
2020-06-12,2020,6,77.9
2020-06-13,2020,6,70.88
2020-06-14,2020,6,64.94
2020-06-15,2020,6,68.0
2020-06-16,2020,6,69.80000000000001
2020-06-17,2020,6,69.98
2020-06-18,2020,6,70.16
2020-06-19,2020,6,74.48
2020-06-20,2020,6,78.25999999999999
2020-06-21,2020,6,79.34
2020-06-22,2020,6,82.03999999999999
2020-06-23,2020,6,81.32
2020-06-24,2020,6,80.42
2020-06-25,2020,6,81.14
2020-06-26,2020,6,79.88
2020-06-27,2020,6,80.42
2020-06-28,2020,6,81.86
2020-06-29,2020,6,79.16
2020-06-30,2020,6,74.12
2020-07-01,2020,7,74.30000000000001
2020-07-02,2020,7,80.06
2020-07-03,2020,7,84.02
2020-07-04,2020,7,75.92
2020-07-05,2020,7,81.14
2020-07-06,2020,7,83.84
2020-07-07,2020,7,75.38
2020-07-08,2020,7,80.96000000000001
2020-07-09,2020,7,83.12
2020-07-10,2020,7,76.82
2020-07-11,2020,7,79.52
2020-07-12,2020,7,82.4
2020-07-13,2020,7,82.94
2020-07-14,2020,7,81.14
2020-07-15,2020,7,77.36
2020-07-16,2020,7,75.02
2020-07-17,2020,7,75.92
2020-07-18,2020,7,82.58000000000001
2020-07-19,2020,7,87.08000000000001
2020-07-20,2020,7,88.7
2020-07-21,2020,7,87.08000000000001
2020-07-22,2020,7,84.56
2020-07-23,2020,7,81.14
2020-07-24,2020,7,79.52
2020-07-25,2020,7,82.03999999999999
2020-07-26,2020,7,86.9
2020-07-27,2020,7,89.96000000000001
2020-07-28,2020,7,89.96000000000001
2020-07-29,2020,7,84.56
2020-07-30,2020,7,87.08000000000001
2020-07-31,2020,7,78.08000000000001
2020-08-01,2020,8,81.32
2020-08-02,2020,8,82.4
2020-08-03,2020,8,86.18
2020-08-04,2020,8,78.62
2020-08-05,2020,8,82.4
2020-08-06,2020,8,78.80000000000001
2020-08-07,2020,8,75.74000000000001
2020-08-08,2020,8,76.64
2020-08-09,2020,8,79.88
2020-08-10,2020,8,84.74000000000001
2020-08-11,2020,8,84.56
2020-08-12,2020,8,82.75999999999999
2020-08-13,2020,8,78.98
2020-08-14,2020,8,79.34
2020-08-15,2020,8,78.44
2020-08-16,2020,8,71.96000000000001
2020-08-17,2020,8,73.22
2020-08-18,2020,8,75.2
2020-08-19,2020,8,73.94
2020-08-20,2020,8,74.12
2020-08-21,2020,8,78.08000000000001
2020-08-22,2020,8,82.22
2020-08-23,2020,8,82.03999999999999
2020-08-24,2020,8,84.02
2020-08-25,2020,8,84.74000000000001
2020-08-26,2020,8,75.56
2020-08-27,2020,8,80.42
2020-08-28,2020,8,80.24000000000001
2020-08-29,2020,8,77.72
2020-08-30,2020,8,76.46000000000001
2020-08-31,2020,8,71.96000000000001
2020-09-01,2020,9,73.75999999999999
2020-09-02,2020,9,74.84
2020-09-03,2020,9,79.88
2020-09-04,2020,9,78.62
2020-09-05,2020,9,75.56
2020-09-06,2020,9,75.74000000000001
2020-09-07,2020,9,75.38
2020-09-08,2020,9,75.92
2020-09-09,2020,9,75.38
2020-09-10,2020,9,78.25999999999999
2020-09-11,2020,9,75.92
2020-09-12,2020,9,68.36
2020-09-13,2020,9,69.62
2020-09-14,2020,9,74.30000000000001
2020-09-15,2020,9,62.24
2020-09-16,2020,9,65.66
2020-09-17,2020,9,71.24000000000001
2020-09-18,2020,9,68.72
2020-09-19,2020,9,59.18
2020-09-20,2020,9,58.64
2020-09-21,2020,9,59.36
2020-09-22,2020,9,62.78
2020-09-23,2020,9,69.80000000000001
2020-09-24,2020,9,72.86
2020-09-25,2020,9,71.42
2020-09-26,2020,9,71.06
2020-09-27,2020,9,72.68
2020-09-28,2020,9,73.58000000000001
2020-09-29,2020,9,71.78
2020-09-30,2020,9,68.9
2020-10-01,2020,10,67.28
2020-10-02,2020,10,63.68000000000001
2020-10-03,2020,10,61.519999999999996
2020-10-04,2020,10,60.620000000000005
2020-10-05,2020,10,62.42
2020-10-06,2020,10,64.22
2020-10-07,2020,10,67.64
2020-10-08,2020,10,61.88
2020-10-09,2020,10,60.980000000000004
2020-10-10,2020,10,66.02
2020-10-11,2020,10,67.28
2020-10-12,2020,10,55.76
2020-10-13,2020,10,57.2
2020-10-14,2020,10,61.16
2020-10-15,2020,10,64.94
2020-10-16,2020,10,60.980000000000004
2020-10-17,2020,10,53.78
2020-10-18,2020,10,56.84
2020-10-19,2020,10,59.36
2020-10-20,2020,10,64.22
2020-10-21,2020,10,64.94
2020-10-22,2020,10,66.74000000000001
2020-10-23,2020,10,66.2
2020-10-24,2020,10,65.30000000000001
2020-10-25,2020,10,51.26
2020-10-26,2020,10,54.68
2020-10-27,2020,10,57.74
2020-10-28,2020,10,55.76
2020-10-29,2020,10,54.86
2020-10-30,2020,10,43.52
2020-10-31,2020,10,40.46
2020-11-01,2020,11,50.36
2020-11-02,2020,11,45.32
2020-11-03,2020,11,47.3
2020-11-04,2020,11,51.08
2020-11-05,2020,11,58.82
2020-11-06,2020,11,62.06
2020-11-07,2020,11,65.84
2020-11-08,2020,11,66.2
2020-11-09,2020,11,62.96
2020-11-10,2020,11,65.48
2020-11-11,2020,11,66.02
2020-11-12,2020,11,60.980000000000004
2020-11-13,2020,11,49.64
2020-11-14,2020,11,50.540000000000006
2020-11-15,2020,11,50.0
2020-11-16,2020,11,54.5
2020-11-17,2020,11,48.56
2020-11-18,2020,11,37.58
2020-11-19,2020,11,38.66
2020-11-20,2020,11,52.519999999999996
2020-11-21,2020,11,59.36
2020-11-22,2020,11,50.18
2020-11-23,2020,11,55.76
2020-11-24,2020,11,46.4
2020-11-25,2020,11,49.64
2020-11-26,2020,11,58.82
2020-11-27,2020,11,58.82
2020-11-28,2020,11,53.78
2020-11-29,2020,11,48.92
2020-11-30,2020,11,55.94
2020-12-01,2020,12,55.76
2020-12-02,2020,12,41.72
2020-12-03,2020,12,43.16
2020-12-04,2020,12,49.82
2020-12-05,2020,12,46.22
2020-12-06,2020,12,40.64
2020-12-07,2020,12,37.22
2020-12-08,2020,12,34.88
2020-12-09,2020,12,36.32
2020-12-10,2020,12,43.52
2020-12-11,2020,12,46.76
2020-12-12,2020,12,49.64
2020-12-13,2020,12,55.76
2020-12-14,2020,12,44.24
2020-12-15,2020,12,38.480000000000004
2020-12-16,2020,12,31.46
2020-12-17,2020,12,30.38
2020-12-18,2020,12,30.02
2020-12-19,2020,12,28.94
2020-12-20,2020,12,34.88
2020-12-21,2020,12,40.82
2020-12-22,2020,12,42.980000000000004
2020-12-23,2020,12,42.44
2020-12-24,2020,12,50.18
2020-12-25,2020,12,56.480000000000004
2020-12-26,2020,12,31.1
2020-12-27,2020,12,31.64
2020-12-28,2020,12,42.980000000000004
2020-12-29,2020,12,42.08
2020-12-30,2020,12,35.24
2020-12-31,2020,12,45.86
2021-01-01,2021,1,38.12
2021-01-02,2021,1,43.16
2021-01-03,2021,1,38.84
2021-01-04,2021,1,39.56
2021-01-05,2021,1,40.28
2021-01-06,2021,1,39.56
2021-01-07,2021,1,37.76
2021-01-08,2021,1,34.34
2021-01-09,2021,1,32.54
2021-01-10,2021,1,36.32
2021-01-11,2021,1,34.16
2021-01-12,2021,1,38.84
2021-01-13,2021,1,40.1
2021-01-14,2021,1,43.52
2021-01-15,2021,1,42.08
2021-01-16,2021,1,45.14
2021-01-17,2021,1,41.54
2021-01-18,2021,1,43.7
2021-01-19,2021,1,40.28
2021-01-20,2021,1,39.38
2021-01-21,2021,1,33.98
2021-01-22,2021,1,43.16
2021-01-23,2021,1,34.52
2021-01-24,2021,1,28.58
2021-01-25,2021,1,31.28
2021-01-26,2021,1,34.52
2021-01-27,2021,1,36.32
2021-01-28,2021,1,33.08
2021-01-29,2021,1,23.18
2021-01-30,2021,1,24.08
2021-01-31,2021,1,24.8
2021-02-01,2021,2,28.4
2021-02-02,2021,2,32.9
2021-02-03,2021,2,33.44
2021-02-04,2021,2,36.32
2021-02-05,2021,2,40.82
2021-02-06,2021,2,40.82
2021-02-07,2021,2,36.14
2021-02-08,2021,2,26.24
2021-02-09,2021,2,29.66
2021-02-10,2021,2,30.56
2021-02-11,2021,2,29.84
2021-02-12,2021,2,26.96
2021-02-13,2021,2,28.22
2021-02-14,2021,2,31.82
2021-02-15,2021,2,33.98
2021-02-16,2021,2,40.46
2021-02-17,2021,2,31.46
2021-02-18,2021,2,28.58
2021-02-19,2021,2,30.2
2021-02-20,2021,2,32.72
2021-02-21,2021,2,30.92
2021-02-22,2021,2,34.52
2021-02-23,2021,2,39.92
2021-02-24,2021,2,46.22
2021-02-25,2021,2,46.76
2021-02-26,2021,2,40.82
2021-02-27,2021,2,42.980000000000004
2021-02-28,2021,2,42.980000000000004
2021-03-01,2021,3,42.8
2021-03-02,2021,3,30.92
2021-03-03,2021,3,39.74
2021-03-04,2021,3,42.620000000000005
2021-03-05,2021,3,30.92
2021-03-06,2021,3,33.8
2021-03-07,2021,3,33.26
2021-03-08,2021,3,34.7
2021-03-09,2021,3,49.46
2021-03-10,2021,3,46.94
2021-03-11,2021,3,53.24
2021-03-12,2021,3,60.980000000000004
2021-03-13,2021,3,46.22
2021-03-14,2021,3,46.94
2021-03-15,2021,3,32.0
2021-03-16,2021,3,32.72
2021-03-17,2021,3,38.66
2021-03-18,2021,3,44.24
2021-03-19,2021,3,38.66
2021-03-20,2021,3,43.52
2021-03-21,2021,3,48.74
2021-03-22,2021,3,47.66
2021-03-23,2021,3,47.84
2021-03-24,2021,3,48.019999999999996
2021-03-25,2021,3,53.06
2021-03-26,2021,3,61.34
2021-03-27,2021,3,57.92
2021-03-28,2021,3,52.34
2021-03-29,2021,3,51.26
2021-03-30,2021,3,50.18
2021-03-31,2021,3,54.68
2021-04-01,2021,4,49.46
2021-04-02,2021,4,36.32
2021-04-03,2021,4,40.64
2021-04-04,2021,4,51.44
2021-04-05,2021,4,57.019999999999996
2021-04-06,2021,4,57.379999999999995
2021-04-07,2021,4,58.82
2021-04-08,2021,4,57.379999999999995
2021-04-09,2021,4,52.519999999999996
2021-04-10,2021,4,55.58
2021-04-11,2021,4,53.78
2021-04-12,2021,4,48.019999999999996
2021-04-13,2021,4,51.620000000000005
2021-04-14,2021,4,58.64
2021-04-15,2021,4,54.14
2021-04-16,2021,4,47.120000000000005
2021-04-17,2021,4,48.379999999999995
2021-04-18,2021,4,54.5
2021-04-19,2021,4,57.92
2021-04-20,2021,4,62.06
2021-04-21,2021,4,57.74
2021-04-22,2021,4,42.44
2021-04-23,2021,4,50.0
2021-04-24,2021,4,61.16
2021-04-25,2021,4,56.120000000000005
2021-04-26,2021,4,52.519999999999996
2021-04-27,2021,4,54.68
2021-04-28,2021,4,60.44
2021-04-29,2021,4,64.58000000000001
2021-04-30,2021,4,66.38
2021-05-01,2021,5,52.519999999999996
2021-05-02,2021,5,66.92
2021-05-03,2021,5,60.44
2021-05-04,2021,5,57.74
2021-05-05,2021,5,54.68
2021-05-06,2021,5,57.74
2021-05-07,2021,5,57.74
2021-05-08,2021,5,52.7
2021-05-09,2021,5,53.6
2021-05-10,2021,5,52.519999999999996
2021-05-11,2021,5,58.46
2021-05-12,2021,5,57.379999999999995
2021-05-13,2021,5,62.06
2021-05-14,2021,5,65.66
2021-05-15,2021,5,68.0
2021-05-16,2021,5,69.25999999999999
2021-05-17,2021,5,67.64
2021-05-18,2021,5,72.32
2021-05-19,2021,5,76.64
2021-05-20,2021,5,68.72
2021-05-21,2021,5,67.46000000000001
2021-05-22,2021,5,73.4
2021-05-23,2021,5,79.52
2021-05-24,2021,5,66.74000000000001
2021-05-25,2021,5,64.03999999999999
2021-05-26,2021,5,73.03999999999999
2021-05-27,2021,5,74.84
2021-05-28,2021,5,63.86
2021-05-29,2021,5,50.540000000000006
2021-05-30,2021,5,50.18
2021-05-31,2021,5,56.3
2021-06-01,2021,6,66.2
2021-06-02,2021,6,68.53999999999999
2021-06-03,2021,6,65.48
2021-06-04,2021,6,71.24000000000001
2021-06-05,2021,6,77.53999999999999
2021-06-06,2021,6,86.53999999999999
2021-06-07,2021,6,83.84
2021-06-08,2021,6,80.24000000000001
2021-06-09,2021,6,80.06
2021-06-10,2021,6,77.9
2021-06-11,2021,6,65.48
2021-06-12,2021,6,65.84
2021-06-13,2021,6,68.18
2021-06-14,2021,6,68.53999999999999
2021-06-15,2021,6,73.03999999999999
2021-06-16,2021,6,70.34
2021-06-17,2021,6,70.34
2021-06-18,2021,6,75.92
2021-06-19,2021,6,79.16
2021-06-20,2021,6,76.82
2021-06-21,2021,6,80.24000000000001
2021-06-22,2021,6,74.12
2021-06-23,2021,6,66.2
2021-06-24,2021,6,69.98
2021-06-25,2021,6,70.16
2021-06-26,2021,6,75.92
2021-06-27,2021,6,80.42
2021-06-28,2021,6,84.56
2021-06-29,2021,6,88.52
2021-06-30,2021,6,91.4
2021-07-01,2021,7,80.06
2021-07-02,2021,7,74.12
2021-07-03,2021,7,64.22
2021-07-04,2021,7,68.36
2021-07-05,2021,7,73.58000000000001
2021-07-06,2021,7,84.02
2021-07-07,2021,7,82.22
2021-07-08,2021,7,79.16
2021-07-09,2021,7,76.82
2021-07-10,2021,7,76.46000000000001
2021-07-11,2021,7,75.38
2021-07-12,2021,7,77.36
2021-07-13,2021,7,71.42
2021-07-14,2021,7,75.92
2021-07-15,2021,7,81.86
2021-07-16,2021,7,86.9
2021-07-17,2021,7,84.2
2021-07-18,2021,7,79.16
2021-07-19,2021,7,75.92
2021-07-20,2021,7,80.96000000000001
2021-07-21,2021,7,79.7
2021-07-22,2021,7,75.56
2021-07-23,2021,7,76.28
2021-07-24,2021,7,76.46000000000001
2021-07-25,2021,7,76.64
2021-07-26,2021,7,81.68
2021-07-27,2021,7,83.30000000000001
2021-07-28,2021,7,76.82
2021-07-29,2021,7,75.74000000000001
2021-07-30,2021,7,76.82
2021-07-31,2021,7,71.42
2021-08-01,2021,8,73.75999999999999
2021-08-02,2021,8,72.14
2021-08-03,2021,8,73.75999999999999
2021-08-04,2021,8,73.4
2021-08-05,2021,8,73.03999999999999
2021-08-06,2021,8,78.98
2021-08-07,2021,8,80.78
2021-08-08,2021,8,74.12
2021-08-09,2021,8,73.58000000000001
2021-08-10,2021,8,77.36
2021-08-11,2021,8,80.78
2021-08-12,2021,8,84.56
2021-08-13,2021,8,88.16
2021-08-14,2021,8,87.08000000000001
2021-08-15,2021,8,77.53999999999999
2021-08-16,2021,8,75.74000000000001
2021-08-17,2021,8,77.36
2021-08-18,2021,8,78.44
2021-08-19,2021,8,82.22
2021-08-20,2021,8,80.06
2021-08-21,2021,8,79.34
2021-08-22,2021,8,75.2
2021-08-23,2021,8,76.64
2021-08-24,2021,8,82.22
2021-08-25,2021,8,84.38
2021-08-26,2021,8,86.72
2021-08-27,2021,8,85.46000000000001
2021-08-28,2021,8,76.82
2021-08-29,2021,8,70.7
2021-08-30,2021,8,78.25999999999999
2021-08-31,2021,8,81.5
2021-09-01,2021,9,75.74000000000001
2021-09-02,2021,9,69.44
2021-09-03,2021,9,68.53999999999999
2021-09-04,2021,9,71.78
2021-09-05,2021,9,72.68
2021-09-06,2021,9,76.46000000000001
2021-09-07,2021,9,75.02
2021-09-08,2021,9,77.0
2021-09-09,2021,9,72.5
2021-09-10,2021,9,70.7
2021-09-11,2021,9,71.6
2021-09-12,2021,9,75.38
2021-09-13,2021,9,80.78
2021-09-14,2021,9,75.38
2021-09-15,2021,9,78.44
2021-09-16,2021,9,75.38
2021-09-17,2021,9,72.68
2021-09-18,2021,9,76.1
2021-09-19,2021,9,73.94
2021-09-20,2021,9,70.52
2021-09-21,2021,9,69.62
2021-09-22,2021,9,74.30000000000001
2021-09-23,2021,9,78.08000000000001
2021-09-24,2021,9,68.0
2021-09-25,2021,9,69.44
2021-09-26,2021,9,69.25999999999999
2021-09-27,2021,9,71.96000000000001
2021-09-28,2021,9,71.78
2021-09-29,2021,9,64.4
2021-09-30,2021,9,63.5
2021-10-01,2021,10,61.34
2021-10-02,2021,10,67.1
2021-10-03,2021,10,71.78
2021-10-04,2021,10,70.52
2021-10-05,2021,10,62.96
2021-10-06,2021,10,65.48
2021-10-07,2021,10,69.25999999999999
2021-10-08,2021,10,69.25999999999999
2021-10-09,2021,10,66.02
2021-10-10,2021,10,64.94
2021-10-11,2021,10,66.92
2021-10-12,2021,10,66.56
2021-10-13,2021,10,67.64
2021-10-14,2021,10,71.06
2021-10-15,2021,10,72.5
2021-10-16,2021,10,71.96000000000001
2021-10-17,2021,10,60.44
2021-10-18,2021,10,56.120000000000005
2021-10-19,2021,10,57.019999999999996
2021-10-20,2021,10,68.0
2021-10-21,2021,10,69.98
2021-10-22,2021,10,67.46000000000001
2021-10-23,2021,10,57.56
2021-10-24,2021,10,55.58
2021-10-25,2021,10,65.12
2021-10-26,2021,10,62.78
2021-10-27,2021,10,59.18
2021-10-28,2021,10,55.22
2021-10-29,2021,10,54.32
2021-10-30,2021,10,59.72
2021-10-31,2021,10,60.8
2021-11-01,2021,11,59.36
2021-11-02,2021,11,54.14
2021-11-03,2021,11,49.1
2021-11-04,2021,11,47.3
2021-11-05,2021,11,48.019999999999996
2021-11-06,2021,11,48.92
2021-11-07,2021,11,49.46
2021-11-08,2021,11,55.58
2021-11-09,2021,11,59.900000000000006
2021-11-10,2021,11,61.519999999999996
2021-11-11,2021,11,54.32
2021-11-12,2021,11,63.14
2021-11-13,2021,11,55.040000000000006
2021-11-14,2021,11,44.96
2021-11-15,2021,11,45.86
2021-11-16,2021,11,44.78
2021-11-17,2021,11,48.74
2021-11-18,2021,11,59.36
2021-11-19,2021,11,49.82
2021-11-20,2021,11,43.34
2021-11-21,2021,11,49.64
2021-11-22,2021,11,52.16
2021-11-23,2021,11,39.019999999999996
2021-11-24,2021,11,38.3
2021-11-25,2021,11,47.480000000000004
2021-11-26,2021,11,48.019999999999996
2021-11-27,2021,11,39.2
2021-11-28,2021,11,37.22
2021-11-29,2021,11,41.54
2021-11-30,2021,11,37.58
2021-12-01,2021,12,45.32
2021-12-02,2021,12,52.34
2021-12-03,2021,12,48.74
2021-12-04,2021,12,42.620000000000005
2021-12-05,2021,12,45.32
2021-12-06,2021,12,51.26
2021-12-07,2021,12,44.6
2021-12-08,2021,12,40.1
2021-12-09,2021,12,37.04
2021-12-10,2021,12,44.06
2021-12-11,2021,12,51.44
2021-12-12,2021,12,51.26
2021-12-13,2021,12,46.94
2021-12-14,2021,12,50.18
2021-12-15,2021,12,46.94
2021-12-16,2021,12,56.480000000000004
2021-12-17,2021,12,59.36
2021-12-18,2021,12,45.68
2021-12-19,2021,12,42.26
2021-12-20,2021,12,32.0
2021-12-21,2021,12,37.22
2021-12-22,2021,12,43.16
2021-12-23,2021,12,35.24
2021-12-24,2021,12,35.06
2021-12-25,2021,12,40.46
2021-12-26,2021,12,47.66
2021-12-27,2021,12,38.66
2021-12-28,2021,12,41.36
2021-12-29,2021,12,43.34
2021-12-30,2021,12,44.96
2021-12-31,2021,12,50.0
2022-01-01,2022,1,52.879999999999995
2022-01-02,2022,1,52.519999999999996
2022-01-03,2022,1,34.52
2022-01-04,2022,1,27.14
2022-01-05,2022,1,37.76
2022-01-06,2022,1,40.82
2022-01-07,2022,1,33.26
2022-01-08,2022,1,27.5
2022-01-09,2022,1,34.52
2022-01-10,2022,1,34.88
2022-01-11,2022,1,22.28
2022-01-12,2022,1,28.58
2022-01-13,2022,1,39.2
2022-01-14,2022,1,40.64
2022-01-15,2022,1,19.939999999999998
2022-01-16,2022,1,17.6
2022-01-17,2022,1,39.019999999999996
2022-01-18,2022,1,35.24
2022-01-19,2022,1,37.76
2022-01-20,2022,1,41.18
2022-01-21,2022,1,21.2
2022-01-22,2022,1,21.38
2022-01-23,2022,1,30.74
2022-01-24,2022,1,31.64
2022-01-25,2022,1,38.480000000000004
2022-01-26,2022,1,27.86
2022-01-27,2022,1,24.439999999999998
2022-01-28,2022,1,32.18
2022-01-29,2022,1,23.36
2022-01-30,2022,1,19.22
2022-01-31,2022,1,25.88
2022-02-01,2022,2,28.94
2022-02-02,2022,2,36.14
2022-02-03,2022,2,43.52
2022-02-04,2022,2,42.44
2022-02-05,2022,2,26.96
2022-02-06,2022,2,23.36
2022-02-07,2022,2,32.9
2022-02-08,2022,2,39.38
2022-02-09,2022,2,37.04
2022-02-10,2022,2,43.34
2022-02-11,2022,2,47.480000000000004
2022-02-12,2022,2,53.24
2022-02-13,2022,2,37.04
2022-02-14,2022,2,24.259999999999998
2022-02-15,2022,2,23.54
2022-02-16,2022,2,34.88
2022-02-17,2022,2,52.879999999999995
2022-02-18,2022,2,49.82
2022-02-19,2022,2,32.18
2022-02-20,2022,2,27.32
2022-02-21,2022,2,39.38
2022-02-22,2022,2,42.08
2022-02-23,2022,2,57.92
2022-02-24,2022,2,33.98
2022-02-25,2022,2,33.44
2022-02-26,2022,2,30.02
2022-02-27,2022,2,36.32
2022-02-28,2022,2,33.44
2022-03-01,2022,3,36.68
2022-03-02,2022,3,45.86
2022-03-03,2022,3,42.08
2022-03-04,2022,3,28.58
2022-03-05,2022,3,37.58
2022-03-06,2022,3,49.28
2022-03-07,2022,3,64.75999999999999
2022-03-08,2022,3,47.66
2022-03-09,2022,3,37.76
2022-03-10,2022,3,39.2
2022-03-11,2022,3,44.96
2022-03-12,2022,3,41.18
2022-03-13,2022,3,27.86
2022-03-14,2022,3,41.54
2022-03-15,2022,3,52.879999999999995
2022-03-16,2022,3,56.480000000000004
2022-03-17,2022,3,46.76
2022-03-18,2022,3,57.019999999999996
2022-03-19,2022,3,55.58
2022-03-20,2022,3,57.74
2022-03-21,2022,3,50.72
2022-03-22,2022,3,51.26
2022-03-23,2022,3,44.96
2022-03-24,2022,3,42.26
2022-03-25,2022,3,49.28
2022-03-26,2022,3,50.72
2022-03-27,2022,3,42.620000000000005
2022-03-28,2022,3,29.3
2022-03-29,2022,3,29.84
2022-03-30,2022,3,36.68
2022-03-31,2022,3,49.82
2022-04-01,2022,4,55.58
2022-04-02,2022,4,44.96
2022-04-03,2022,4,44.6
2022-04-04,2022,4,45.68
2022-04-05,2022,4,49.46
2022-04-06,2022,4,47.480000000000004
2022-04-07,2022,4,48.379999999999995
2022-04-08,2022,4,55.040000000000006
2022-04-09,2022,4,52.519999999999996
2022-04-10,2022,4,47.480000000000004
2022-04-11,2022,4,47.84
2022-04-12,2022,4,56.120000000000005
2022-04-13,2022,4,59.72
2022-04-14,2022,4,61.34
2022-04-15,2022,4,60.26
2022-04-16,2022,4,60.26
2022-04-17,2022,4,46.94
2022-04-18,2022,4,46.22
2022-04-19,2022,4,45.68
2022-04-20,2022,4,48.92
2022-04-21,2022,4,51.08
2022-04-22,2022,4,58.28
2022-04-23,2022,4,55.94
2022-04-24,2022,4,55.040000000000006
2022-04-25,2022,4,50.72
2022-04-26,2022,4,52.7
2022-04-27,2022,4,52.879999999999995
2022-04-28,2022,4,46.76
2022-04-29,2022,4,50.72
2022-04-30,2022,4,55.22
2022-05-01,2022,5,56.480000000000004
2022-05-02,2022,5,53.78
2022-05-03,2022,5,54.32
2022-05-04,2022,5,53.6
2022-05-05,2022,5,62.96
2022-05-06,2022,5,58.64
2022-05-07,2022,5,50.0
2022-05-08,2022,5,50.72
2022-05-09,2022,5,56.3
2022-05-10,2022,5,59.72
2022-05-11,2022,5,60.980000000000004
2022-05-12,2022,5,62.78
2022-05-13,2022,5,60.8
2022-05-14,2022,5,64.22
2022-05-15,2022,5,65.84
2022-05-16,2022,5,68.72
2022-05-17,2022,5,67.46000000000001
2022-05-18,2022,5,64.03999999999999
2022-05-19,2022,5,59.900000000000006
2022-05-20,2022,5,59.72
2022-05-21,2022,5,70.16
2022-05-22,2022,5,82.03999999999999
2022-05-23,2022,5,69.80000000000001
2022-05-24,2022,5,63.31999999999999
2022-05-25,2022,5,61.16
2022-05-26,2022,5,61.519999999999996
2022-05-27,2022,5,68.36
2022-05-28,2022,5,68.72
2022-05-29,2022,5,69.25999999999999
2022-05-30,2022,5,73.94
2022-05-31,2022,5,82.94
2022-06-01,2022,6,64.03999999999999
2022-06-02,2022,6,68.53999999999999
2022-06-03,2022,6,67.1
2022-06-04,2022,6,71.42
2022-06-05,2022,6,68.0
2022-06-06,2022,6,71.96000000000001
2022-06-07,2022,6,71.24000000000001
2022-06-08,2022,6,74.66
2022-06-09,2022,6,75.92
2022-06-10,2022,6,71.24000000000001
2022-06-11,2022,6,71.24000000000001
2022-06-12,2022,6,68.9
2022-06-13,2022,6,75.56
2022-06-14,2022,6,75.02
2022-06-15,2022,6,73.94
2022-06-16,2022,6,68.53999999999999
2022-06-17,2022,6,77.36
2022-06-18,2022,6,71.06
2022-06-19,2022,6,63.14
2022-06-20,2022,6,68.9
2022-06-21,2022,6,71.78
2022-06-22,2022,6,66.38
2022-06-23,2022,6,66.56
2022-06-24,2022,6,71.42
2022-06-25,2022,6,78.44
2022-06-26,2022,6,80.6
2022-06-27,2022,6,75.74000000000001
2022-06-28,2022,6,72.32
2022-06-29,2022,6,75.02
2022-06-30,2022,6,77.72
2022-07-01,2022,7,82.58000000000001
2022-07-02,2022,7,83.66
2022-07-03,2022,7,80.42
2022-07-04,2022,7,78.08000000000001
2022-07-05,2022,7,78.62
2022-07-06,2022,7,78.80000000000001
2022-07-07,2022,7,75.56
2022-07-08,2022,7,74.30000000000001
2022-07-09,2022,7,76.46000000000001
2022-07-10,2022,7,74.12
2022-07-11,2022,7,75.2
2022-07-12,2022,7,78.44
2022-07-13,2022,7,84.02
2022-07-14,2022,7,79.88
2022-07-15,2022,7,78.98
2022-07-16,2022,7,75.74000000000001
2022-07-17,2022,7,78.25999999999999
2022-07-18,2022,7,79.16
2022-07-19,2022,7,82.75999999999999
2022-07-20,2022,7,88.34
2022-07-21,2022,7,85.64
2022-07-22,2022,7,87.62
2022-07-23,2022,7,86.53999999999999
2022-07-24,2022,7,87.98
2022-07-25,2022,7,85.64
2022-07-26,2022,7,78.62
2022-07-27,2022,7,77.9
2022-07-28,2022,7,80.06
2022-07-29,2022,7,82.75999999999999
2022-07-30,2022,7,80.06
2022-07-31,2022,7,79.34
2022-08-01,2022,8,73.58000000000001
2022-08-02,2022,8,79.52
2022-08-03,2022,8,81.68
2022-08-04,2022,8,84.38
2022-08-05,2022,8,84.74000000000001
2022-08-06,2022,8,85.28
2022-08-07,2022,8,85.28
2022-08-08,2022,8,86.53999999999999
2022-08-09,2022,8,88.34
2022-08-10,2022,8,80.96000000000001
2022-08-11,2022,8,79.88
2022-08-12,2022,8,78.08000000000001
2022-08-13,2022,8,73.58000000000001
2022-08-14,2022,8,75.2
2022-08-15,2022,8,75.74000000000001
2022-08-16,2022,8,74.48
2022-08-17,2022,8,74.48
2022-08-18,2022,8,75.38
2022-08-19,2022,8,79.34
2022-08-20,2022,8,82.22
2022-08-21,2022,8,77.53999999999999
2022-08-22,2022,8,76.1
2022-08-23,2022,8,78.62
2022-08-24,2022,8,80.42
2022-08-25,2022,8,82.58000000000001
2022-08-26,2022,8,81.32
2022-08-27,2022,8,82.03999999999999
2022-08-28,2022,8,76.28
2022-08-29,2022,8,78.80000000000001
2022-08-30,2022,8,80.24000000000001
2022-08-31,2022,8,78.08000000000001
2022-09-01,2022,9,78.62
2022-09-02,2022,9,71.06
2022-09-03,2022,9,73.03999999999999
2022-09-04,2022,9,77.53999999999999
2022-09-05,2022,9,78.44
2022-09-06,2022,9,73.94
2022-09-07,2022,9,69.44
2022-09-08,2022,9,71.24000000000001
2022-09-09,2022,9,71.42
2022-09-10,2022,9,74.48
2022-09-11,2022,9,73.75999999999999
2022-09-12,2022,9,72.32
2022-09-13,2022,9,76.46000000000001
2022-09-14,2022,9,73.22
2022-09-15,2022,9,71.24000000000001
2022-09-16,2022,9,67.28
2022-09-17,2022,9,69.44
2022-09-18,2022,9,74.12
2022-09-19,2022,9,78.08000000000001
2022-09-20,2022,9,73.75999999999999
2022-09-21,2022,9,71.6
2022-09-22,2022,9,71.24000000000001
2022-09-23,2022,9,59.18
2022-09-24,2022,9,58.1
2022-09-25,2022,9,66.56
2022-09-26,2022,9,66.92
2022-09-27,2022,9,67.46000000000001
2022-09-28,2022,9,62.96
2022-09-29,2022,9,61.88
2022-09-30,2022,9,58.1
2022-10-01,2022,10,58.64
2022-10-02,2022,10,59.36
2022-10-03,2022,10,52.7
2022-10-04,2022,10,50.540000000000006
2022-10-05,2022,10,56.84
2022-10-06,2022,10,63.68000000000001
2022-10-07,2022,10,68.53999999999999
2022-10-08,2022,10,57.019999999999996
2022-10-09,2022,10,54.14
2022-10-10,2022,10,60.44
2022-10-11,2022,10,62.6
2022-10-12,2022,10,64.22
2022-10-13,2022,10,65.66
2022-10-14,2022,10,60.26
2022-10-15,2022,10,61.16
2022-10-16,2022,10,60.980000000000004
2022-10-17,2022,10,61.88
2022-10-18,2022,10,54.68
2022-10-19,2022,10,50.0
2022-10-20,2022,10,51.980000000000004
2022-10-21,2022,10,56.120000000000005
2022-10-22,2022,10,57.92
2022-10-23,2022,10,58.46
2022-10-24,2022,10,57.379999999999995
2022-10-25,2022,10,62.42
2022-10-26,2022,10,64.94
2022-10-27,2022,10,62.42
2022-10-28,2022,10,52.34
2022-10-29,2022,10,51.44
2022-10-30,2022,10,54.5
2022-10-31,2022,10,57.92
2022-11-01,2022,11,62.42
2022-11-02,2022,11,63.68000000000001
2022-11-03,2022,11,60.26
2022-11-04,2022,11,59.36
2022-11-05,2022,11,66.92
2022-11-06,2022,11,67.64
2022-11-07,2022,11,70.34
2022-11-08,2022,11,55.76
2022-11-09,2022,11,47.66
2022-11-10,2022,11,54.68
2022-11-11,2022,11,61.519999999999996
2022-11-12,2022,11,67.46000000000001
2022-11-13,2022,11,55.22
2022-11-14,2022,11,43.34
2022-11-15,2022,11,40.82
2022-11-16,2022,11,45.14
2022-11-17,2022,11,42.26
2022-11-18,2022,11,40.1
2022-11-19,2022,11,37.04
2022-11-20,2022,11,36.86
2022-11-21,2022,11,33.98
2022-11-22,2022,11,43.879999999999995
2022-11-23,2022,11,48.92
2022-11-24,2022,11,46.58
2022-11-25,2022,11,50.0
2022-11-26,2022,11,48.74
2022-11-27,2022,11,51.26
2022-11-28,2022,11,53.96
2022-11-29,2022,11,41.72
2022-11-30,2022,11,47.120000000000005
2022-12-01,2022,12,42.26
2022-12-02,2022,12,38.12
2022-12-03,2022,12,51.08
2022-12-04,2022,12,44.6
2022-12-05,2022,12,41.72
2022-12-06,2022,12,48.74
2022-12-07,2022,12,56.84
2022-12-08,2022,12,52.879999999999995
2022-12-09,2022,12,41.54
2022-12-10,2022,12,35.96
2022-12-11,2022,12,38.12
2022-12-12,2022,12,34.88
2022-12-13,2022,12,32.54
2022-12-14,2022,12,35.06
2022-12-15,2022,12,36.86
2022-12-16,2022,12,43.16
2022-12-17,2022,12,41.0
2022-12-18,2022,12,37.58
2022-12-19,2022,12,35.06
2022-12-20,2022,12,35.42
2022-12-21,2022,12,33.8
2022-12-22,2022,12,38.84
2022-12-23,2022,12,45.5
2022-12-24,2022,12,10.940000000000001
2022-12-25,2022,12,19.58
2022-12-26,2022,12,23.54
2022-12-27,2022,12,30.74
2022-12-28,2022,12,38.12
2022-12-29,2022,12,43.52
2022-12-30,2022,12,48.74
2022-12-31,2022,12,46.76
